adcode,province,city,district,lon,lat
110101,北京市,北京市,东城区,116.416334,39.928359
110102,北京市,北京市,西城区,116.36585,39.9126
110105,北京市,北京市,朝阳区,116.443136,39.921444
110106,北京市,北京市,丰台区,116.286726,39.858538
110107,北京市,北京市,石景山区,116.223015,39.906304
110108,北京市,北京市,海淀区,116.2977,39.959893
110109,北京市,北京市,门头沟区,116.101668,39.940842
110111,北京市,北京市,房山区,116.143426,39.748889
110112,北京市,北京市,通州区,116.72923,39.916403
110113,北京市,北京市,顺义区,116.661474,40.149891
110114,北京市,北京市,昌平区,116.231034,40.220952
110115,北京市,北京市,大兴区,116.341483,39.726917
110116,北京市,北京市,怀柔区,116.631974,40.317003
110117,北京市,北京市,平谷区,117.121589,40.140805
110118,北京市,北京市,密云区,116.843351,40.377058
110119,北京市,北京市,延庆区,115.974609,40.457033
120101,天津市,天津市,和平区,117.214713,39.116884
120102,天津市,天津市,河东区,117.251584,39.128294
120103,天津市,天津市,河西区,117.223379,39.109679
120104,天津市,天津市,南开区,117.150638,39.138551
120105,天津市,天津市,河北区,117.196874,39.148018
120106,天津市,天津市,红桥区,117.151566,39.167349
120110,天津市,天津市,东丽区,117.313567,39.086789
120111,天津市,天津市,西青区,117.008994,39.141811
120112,天津市,天津市,津南区,117.356683,38.936971
120113,天津市,天津市,北辰区,117.135614,39.224638
120114,天津市,天津市,武清区,117.04456,39.384108
120115,天津市,天津市,宝坻区,117.309748,39.717054
120116,天津市,天津市,滨海新区,117.69641,39.017809
120117,天津市,天津市,宁河区,117.826674,39.329749
120118,天津市,天津市,静海区,116.975474,38.947772
120119,天津市,天津市,蓟州区,117.408432,40.046544
130102,河北省,石家庄市,长安区,114.538955,38.03682
130104,河北省,石家庄市,桥西区,114.45004,38.025245
130105,河北省,石家庄市,新华区,114.463904,38.050749
130107,河北省,石家庄市,井陉矿区,114.062258,38.065446
130108,河北省,石家庄市,裕华区,114.531599,38.007002
130109,河北省,石家庄市,藁城区,114.846562,38.022177
130110,河北省,石家庄市,鹿泉区,114.313559,38.086536
130111,河北省,石家庄市,栾城区,114.647922,37.900915
130121,河北省,石家庄市,井陉县,114.145669,38.032366
130123,河北省,石家庄市,正定县,114.57043,38.14699
130125,河北省,石家庄市,行唐县,114.553044,38.437535
130126,河北省,石家庄市,灵寿县,114.383013,38.307908
130127,河北省,石家庄市,高邑县,114.611659,37.615905
130128,河北省,石家庄市,深泽县,115.20089,38.184572
130129,河北省,石家庄市,赞皇县,114.386114,37.666549
130130,河北省,石家庄市,无极县,114.976256,38.178852
130131,河北省,石家庄市,平山县,114.186007,38.260288
130132,河北省,石家庄市,元氏县,114.525508,37.767332
130133,河北省,石家庄市,赵县,114.775914,37.756935
130181,河北省,石家庄市,辛集市,115.217626,37.943239
130183,河北省,石家庄市,晋州市,115.044141,38.033937
130184,河北省,石家庄市,新乐市,114.683745,38.343952
130202,河北省,唐山市,路南区,118.154348,39.624988
130203,河北省,唐山市,路北区,118.201085,39.625079
130204,河北省,唐山市,古冶区,118.447134,39.73392
130205,河北省,唐山市,开平区,118.262246,39.671634
130207,河北省,唐山市,丰南区,118.085169,39.576031
130208,河北省,唐山市,丰润区,118.162426,39.832919
130209,河北省,唐山市,曹妃甸区,118.460197,39.273528
130224,河北省,唐山市,滦南县,118.68363,39.520272
130225,河北省,唐山市,乐亭县,118.91245,39.425748
130227,河北省,唐山市,迁西县,118.31467,40.141486
130229,河北省,唐山市,玉田县,117.738196,39.901827
130281,河北省,唐山市,遵化市,117.965878,40.189119
130283,河北省,唐山市,迁安市,118.701021,39.998861
130284,河北省,唐山市,滦州市,118.70301,39.740963
130302,河北省,秦皇岛市,海港区,119.564962,39.94756
130303,河北省,秦皇岛市,山海关区,119.775187,39.978882
130304,河北省,秦皇岛市,北戴河区,119.48449,39.834912
130306,河北省,秦皇岛市,抚宁区,119.244847,39.876253
130321,河北省,秦皇岛市,青龙满族自治县,118.94985,40.407473
130322,河北省,秦皇岛市,昌黎县,119.199846,39.699677
130324,河北省,秦皇岛市,卢龙县,118.891931,39.892564
130402,河北省,邯郸市,邯山区,114.531062,36.59457
130403,河北省,邯郸市,丛台区,114.492875,36.636434
130404,河北省,邯郸市,复兴区,114.462581,36.638879
130406,河北省,邯郸市,峰峰矿区,114.212571,36.419298
130407,河北省,邯郸市,肥乡区,114.800199,36.548545
130408,河北省,邯郸市,永年区,114.536626,36.74188
130423,河北省,邯郸市,临漳县,114.585514,36.322504
130424,河北省,邯郸市,成安县,114.670094,36.445331
130425,河北省,邯郸市,大名县,115.147985,36.286406
130426,河北省,邯郸市,涉县,113.692157,36.586073
130427,河北省,邯郸市,磁县,114.373965,36.37507
130430,河北省,邯郸市,邱县,115.200049,36.811783
130431,河北省,邯郸市,鸡泽县,114.889951,36.911525
130432,河北省,邯郸市,广平县,114.921185,36.476727
130433,河北省,邯郸市,馆陶县,115.281818,36.548295
130434,河北省,邯郸市,魏县,114.939217,36.35926
130435,河北省,邯郸市,曲周县,114.957549,36.766347
130481,河北省,邯郸市,武安市,114.203685,36.69759
130502,河北省,邢台市,襄都区,114.507443,37.071314
130503,河北省,邢台市,信都区,114.468229,37.093798
130505,河北省,邢台市,任泽区,114.671339,37.121958
130506,河北省,邢台市,南和区,114.683683,37.005626
130522,河北省,邢台市,临城县,114.498651,37.444512
130523,河北省,邢台市,内丘县,114.512226,37.287612
130524,河北省,邢台市,柏乡县,114.693447,37.48288
130525,河北省,邢台市,隆尧县,114.770509,37.351232
130528,河北省,邢台市,宁晋县,114.940006,37.624524
130529,河北省,邢台市,巨鹿县,115.037884,37.221293
130530,河北省,邢台市,新河县,115.251005,37.520891
130531,河北省,邢台市,广宗县,115.142766,37.074795
130532,河北省,邢台市,平乡县,115.03008,37.063771
130533,河北省,邢台市,威县,115.266829,36.975164
130534,河北省,邢台市,清河县,115.665081,37.0451
130535,河北省,邢台市,临西县,115.501258,36.871312
130581,河北省,邢台市,南宫市,115.40866,37.358907
130582,河北省,邢台市,沙河市,114.503023,36.855548
130602,河北省,保定市,竞秀区,115.458671,38.877318
130606,河北省,保定市,莲池区,115.497153,38.883528
130607,河北省,保定市,满城区,115.322246,38.949732
130608,河北省,保定市,清苑区,115.48988,38.76527
130609,河北省,保定市,徐水区,115.655772,39.018781
130623,河北省,保定市,涞水县,115.713651,39.394305
130624,河北省,保定市,阜平县,114.195118,38.849221
130626,河北省,保定市,定兴县,115.808183,39.263219
130627,河北省,保定市,唐县,114.982968,38.748477
130628,河北省,保定市,高阳县,115.779149,38.700846
130629,河北省,保定市,容城县,115.861635,39.043321
130630,河北省,保定市,涞源县,114.694416,39.360622
130631,河北省,保定市,望都县,115.15542,38.696221
130632,河北省,保定市,安新县,115.935688,38.936102
130633,河北省,保定市,易县,115.497487,39.350219
130634,河北省,保定市,曲阳县,114.740476,38.614409
130635,河北省,保定市,蠡县,115.583701,38.488064
130636,河北省,保定市,顺平县,115.135133,38.837988
130637,河北省,保定市,博野县,115.464295,38.458048
130638,河北省,保定市,雄县,116.108624,38.994825
130681,河北省,保定市,涿州市,115.97444,39.485684
130682,河北省,保定市,定州市,114.990321,38.516746
130683,河北省,保定市,安国市,115.327088,38.418985
130684,河北省,保定市,高碑店市,115.873612,39.327233
130702,河北省,张家口市,桥东区,114.894114,40.788472
130703,河北省,张家口市,桥西区,114.868604,40.819553
130705,河北省,张家口市,宣化区,115.099515,40.609444
130706,河北省,张家口市,下花园区,115.287127,40.502628
130708,河北省,张家口市,万全区,114.740584,40.767377
130709,河北省,张家口市,崇礼区,115.282345,40.974741
130722,河北省,张家口市,张北县,114.719927,41.159039
130723,河北省,张家口市,康保县,114.60018,41.853016
130724,河北省,张家口市,沽源县,115.688544,41.670497
130725,河北省,张家口市,尚义县,113.968763,41.076588
130726,河北省,张家口市,蔚县,114.589136,39.840154
130727,河北省,张家口市,阳原县,114.150267,40.104303
130728,河北省,张家口市,怀安县,114.386488,40.67527
130730,河北省,张家口市,怀来县,115.517868,40.415625
130731,河北省,张家口市,涿鹿县,115.196835,40.382681
130732,河北省,张家口市,赤城县,115.831256,40.913348
130802,河北省,承德市,双桥区,117.943121,40.974679
130803,河北省,承德市,双滦区,117.799588,40.959426
130804,河北省,承德市,鹰手营子矿区,117.659341,40.546424
130821,河北省,承德市,承德县,118.174166,40.768082
130822,河北省,承德市,兴隆县,117.500558,40.417358
130824,河北省,承德市,滦平县,117.332652,40.941644
130825,河北省,承德市,隆化县,117.739026,41.314402
130826,河北省,承德市,丰宁满族自治县,116.645798,41.209951
130827,河北省,承德市,宽城满族自治县,118.485472,40.611333
130828,河北省,承德市,围场满族蒙古族自治县,117.75934,41.938372
130881,河北省,承德市,平泉市,118.702032,41.018482
130902,河北省,沧州市,新华区,116.866309,38.314094
130903,河北省,沧州市,运河区,116.842964,38.283456
130921,河北省,沧州市,沧县,117.007478,38.219856
130922,河北省,沧州市,青县,116.804137,38.583657
130923,河北省,沧州市,东光县,116.537138,37.888844
130924,河北省,沧州市,海兴县,117.497545,38.143308
130925,河北省,沧州市,盐山县,117.230681,38.058074
130926,河北省,沧州市,肃宁县,115.829619,38.423044
130927,河北省,沧州市,南皮县,116.708603,38.038761
130928,河北省,沧州市,吴桥县,116.391557,37.628225
130929,河北省,沧州市,献县,116.152058,38.180381
130930,河北省,沧州市,孟村回族自治县,117.104514,38.053438
130981,河北省,沧州市,泊头市,116.578322,38.084262
130982,河北省,沧州市,任丘市,116.084412,38.685325
130983,河北省,沧州市,黄骅市,117.330043,38.372266
130984,河北省,沧州市,河间市,116.099362,38.446656
131002,河北省,廊坊市,安次区,116.694544,39.502569
131003,河北省,廊坊市,广阳区,116.710667,39.52343
131022,河北省,廊坊市,固安县,116.298696,39.438797
131023,河北省,廊坊市,永清县,116.50608,39.330983
131024,河北省,廊坊市,香河县,117.006072,39.763772
131025,河北省,廊坊市,大城县,116.653917,38.705232
131026,河北省,廊坊市,文安县,116.457628,38.873185
131028,河北省,廊坊市,大厂回族自治县,116.98961,39.886569
131081,河北省,廊坊市,霸州市,116.391488,39.125238
131082,河北省,廊坊市,三河市,117.078269,39.982933
131102,河北省,衡水市,桃城区,115.675208,37.735152
131103,河北省,衡水市,冀州区,115.579392,37.550922
131121,河北省,衡水市,枣强县,115.724365,37.514217
131122,河北省,衡水市,武邑县,115.887498,37.802036
131123,河北省,衡水市,武强县,115.982119,38.041447
131124,河北省,衡水市,饶阳县,115.725898,38.235313
131125,河北省,衡水市,安平县,115.518918,38.234769
131126,河北省,衡水市,故城县,115.965877,37.347873
131127,河北省,衡水市,景县,116.270558,37.692831
131128,河北省,衡水市,阜城县,116.175424,37.862984
131182,河北省,衡水市,深州市,115.559576,38.001535
140105,山西省,太原市,小店区,112.565524,37.736865
140106,山西省,太原市,迎泽区,112.563373,37.863308
140107,山西省,太原市,杏花岭区,112.570412,37.894241
140108,山西省,太原市,尖草坪区,112.486141,37.940052
140109,山西省,太原市,万柏林区,112.515638,37.859738
140110,山西省,太原市,晋源区,112.477869,37.715519
140121,山西省,太原市,清徐县,112.359367,37.608751
140122,山西省,太原市,阳曲县,112.67292,38.058511
140123,山西省,太原市,娄烦县,111.79715,38.067569
140181,山西省,太原市,古交市,112.175034,37.907414
140212,山西省,大同市,新荣区,113.139628,40.256355
140213,山西省,大同市,平城区,113.300179,40.076991
140214,山西省,大同市,云冈区,113.150035,40.005844
140215,山西省,大同市,云州区,113.612496,40.040156
140221,山西省,大同市,阳高县,113.748944,40.361059
140222,山西省,大同市,天镇县,114.090871,40.42087
140223,山西省,大同市,广灵县,114.282703,39.760404
140224,山西省,大同市,灵丘县,114.234452,39.442459
140225,山西省,大同市,浑源县,113.69183,39.706485
140226,山西省,大同市,左云县,112.703008,40.013442
140302,山西省,阳泉市,城区,113.600694,37.847457
140303,山西省,阳泉市,矿区,113.555279,37.868494
140311,山西省,阳泉市,郊区,113.593998,37.943703
140321,山西省,阳泉市,平定县,113.629777,37.804986
140322,山西省,阳泉市,盂县,113.412279,38.086041
140403,山西省,长治市,潞州区,113.122725,36.203305
140404,山西省,长治市,上党区,113.051416,36.053104
140405,山西省,长治市,屯留区,112.892301,36.3162
140406,山西省,长治市,潞城区,113.228897,36.334597
140423,山西省,长治市,襄垣县,113.051298,36.535629
140425,山西省,长治市,平顺县,113.435859,36.20037
140426,山西省,长治市,黎城县,113.387025,36.502258
140427,山西省,长治市,壶关县,113.206836,36.115645
140428,山西省,长治市,长子县,112.877922,36.122258
140429,山西省,长治市,武乡县,112.86396,36.837865
140430,山西省,长治市,沁县,112.699176,36.756152
140431,山西省,长治市,沁源县,112.337726,36.499989
140502,山西省,晋城市,城区,112.853452,35.50248
140521,山西省,晋城市,沁水县,112.186726,35.690119
140522,山西省,晋城市,阳城县,112.414798,35.486275
140524,山西省,晋城市,陵川县,113.280755,35.775239
140525,山西省,晋城市,泽州县,112.954123,35.543499
140581,山西省,晋城市,高平市,112.923798,35.798775
140602,山西省,朔州市,朔城区,112.432071,39.320196
140603,山西省,朔州市,平鲁区,112.28827,39.512219
140621,山西省,朔州市,山阴县,112.816421,39.527445
140622,山西省,朔州市,应县,113.190952,39.554471
140623,山西省,朔州市,右玉县,112.466926,39.989198
140681,山西省,朔州市,怀仁市,113.133061,39.820522
140702,山西省,晋中市,榆次区,112.707564,37.698637
140703,山西省,晋中市,太谷区,112.551297,37.421392
140721,山西省,晋中市,榆社县,112.975378,37.071209
140722,山西省,晋中市,左权县,113.379412,37.082746
140723,山西省,晋中市,和顺县,113.570295,37.329696
140724,山西省,晋中市,昔阳县,113.707151,37.612577
140725,山西省,晋中市,寿阳县,113.176373,37.895191
140727,山西省,晋中市,祁县,112.335226,37.358425
140728,山西省,晋中市,平遥县,112.175825,37.189614
140729,山西省,晋中市,灵石县,111.778692,36.848085
140781,山西省,晋中市,介休市,111.916451,37.027538
140802,山西省,运城市,盐湖区,110.998135,35.015549
140821,山西省,运城市,临猗县,110.774553,35.144406
140822,山西省,运城市,万荣县,110.837957,35.415805
140823,山西省,运城市,闻喜县,111.224485,35.356664
140824,山西省,运城市,稷山县,110.983273,35.604515
140825,山西省,运城市,新绛县,111.224767,35.616007
140826,山西省,运城市,绛县,111.568849,35.491764
140827,山西省,运城市,垣曲县,111.670215,35.298297
140828,山西省,运城市,夏县,111.219946,35.140733
140829,山西省,运城市,平陆县,111.193957,34.829595
140830,山西省,运城市,芮城县,110.694418,34.694173
140881,山西省,运城市,永济市,110.447771,34.866499
140882,山西省,运城市,河津市,110.712032,35.596357
140902,山西省,忻州市,忻府区,112.746357,38.403498
140921,山西省,忻州市,定襄县,112.957234,38.471725
140922,山西省,忻州市,五台县,113.255419,38.728056
140923,山西省,忻州市,代县,112.960102,39.066831
140924,山西省,忻州市,繁峙县,113.265464,39.188835
140925,山西省,忻州市,宁武县,112.304734,39.001498
140926,山西省,忻州市,静乐县,111.939498,38.359306
140927,山西省,忻州市,神池县,112.210997,39.091079
140928,山西省,忻州市,五寨县,111.846808,38.91111
140929,山西省,忻州市,岢岚县,111.572964,38.703989
140930,山西省,忻州市,河曲县,111.138247,39.38452
140931,山西省,忻州市,保德县,111.085944,39.022616
140932,山西省,忻州市,偏关县,111.508922,39.436917
140981,山西省,忻州市,原平市,112.711025,38.731412
141002,山西省,临汾市,尧都区,111.578797,36.082463
141021,山西省,临汾市,曲沃县,111.475783,35.641883
141022,山西省,临汾市,翼城县,111.719048,35.739706
141023,山西省,临汾市,襄汾县,111.441725,35.876293
141024,山西省,临汾市,洪洞县,111.67571,36.254087
141025,山西省,临汾市,古县,111.92031,36.266767
141026,山西省,临汾市,安泽县,112.250242,36.147921
141027,山西省,临汾市,浮山县,111.848883,35.968124
141028,山西省,临汾市,吉县,110.680513,36.096833
141029,山西省,临汾市,乡宁县,110.846585,35.970834
141030,山西省,临汾市,大宁县,110.752914,36.465126
141031,山西省,临汾市,隰县,110.940752,36.693345
141032,山西省,临汾市,永和县,110.631981,36.759524
141033,山西省,临汾市,蒲县,111.096457,36.41183
141034,山西省,临汾市,汾西县,111.563993,36.652833
141081,山西省,临汾市,侯马市,111.372002,35.619105
141082,山西省,临汾市,霍州市,111.755111,36.569046
141102,山西省,吕梁市,离石区,111.150325,37.517797
141121,山西省,吕梁市,文水县,112.028866,37.438101
141122,山西省,吕梁市,交城县,112.155857,37.55169
141123,山西省,吕梁市,兴县,111.127486,38.461818
141124,山西省,吕梁市,临县,110.992712,37.951008
141125,山西省,吕梁市,柳林县,110.888993,37.429816
141126,山西省,吕梁市,石楼县,110.834712,36.998461
141127,山西省,吕梁市,岚县,111.672156,38.279587
141128,山西省,吕梁市,方山县,111.244309,37.895017
141129,山西省,吕梁市,中阳县,111.178841,37.357816
141130,山西省,吕梁市,交口县,111.181241,36.982205
141181,山西省,吕梁市,孝义市,111.778935,37.146051
141182,山西省,吕梁市,汾阳市,111.770834,37.261493
150102,内蒙古自治区,呼和浩特市,新城区,111.665325,40.858271
150103,内蒙古自治区,呼和浩特市,回民区,111.623485,40.808906
150104,内蒙古自治区,呼和浩特市,玉泉区,111.674157,40.753054
150105,内蒙古自治区,呼和浩特市,赛罕区,111.701166,40.792508
150121,内蒙古自治区,呼和浩特市,土默特左旗,111.16373,40.729044
150122,内蒙古自治区,呼和浩特市,托克托县,111.193879,40.277703
150123,内蒙古自治区,呼和浩特市,和林格尔县,111.821695,40.379226
150124,内蒙古自治区,呼和浩特市,清水河县,111.647351,39.921224
150125,内蒙古自治区,呼和浩特市,武川县,111.451226,41.096511
150202,内蒙古自治区,包头市,东河区,110.044008,40.57626
150203,内蒙古自治区,包头市,昆都仑区,109.840249,40.658075
150204,内蒙古自治区,包头市,青山区,109.902157,40.644081
150205,内蒙古自治区,包头市,石拐区,110.060783,40.676736
150206,内蒙古自治区,包头市,白云鄂博矿区,109.973195,41.769956
150207,内蒙古自治区,包头市,九原区,109.968082,40.611346
150221,内蒙古自治区,包头市,土默特右旗,110.527831,40.578253
150222,内蒙古自治区,包头市,固阳县,110.060055,41.034757
150223,内蒙古自治区,包头市,达尔罕茂明安联合旗,110.432626,41.698992
150302,内蒙古自治区,乌海市,海勃湾区,106.8228,39.690873
150303,内蒙古自治区,乌海市,海南区,106.891472,39.441803
150304,内蒙古自治区,乌海市,乌达区,106.726043,39.505609
150402,内蒙古自治区,赤峰市,红山区,118.953989,42.296317
150403,内蒙古自治区,赤峰市,元宝山区,119.288475,42.039602
150404,内蒙古自治区,赤峰市,松山区,118.916156,42.299795
150421,内蒙古自治区,赤峰市,阿鲁科尔沁旗,120.065533,43.872398
150422,内蒙古自治区,赤峰市,巴林左旗,119.362832,43.961547
150423,内蒙古自治区,赤峰市,巴林右旗,118.664235,43.534171
150424,内蒙古自治区,赤峰市,林西县,118.05545,43.61812
150425,内蒙古自治区,赤峰市,克什克腾旗,117.545413,43.265057
150426,内蒙古自治区,赤峰市,翁牛特旗,119.006187,42.936529
150428,内蒙古自治区,赤峰市,喀喇沁旗,118.701934,41.927103
150429,内蒙古自治区,赤峰市,宁城县,119.320056,41.600193
150430,内蒙古自治区,赤峰市,敖汉旗,119.921413,42.290731
150502,内蒙古自治区,通辽市,科尔沁区,122.25545,43.623133
150521,内蒙古自治区,通辽市,科尔沁左翼中旗,123.312202,44.126606
150522,内蒙古自治区,通辽市,科尔沁左翼后旗,122.35677,42.935105
150523,内蒙古自治区,通辽市,开鲁县,121.319216,43.601446
150524,内蒙古自治区,通辽市,库伦旗,121.810629,42.735556
150525,内蒙古自治区,通辽市,奈曼旗,120.657813,42.867433
150526,内蒙古自治区,通辽市,扎鲁特旗,120.917953,44.567093
150581,内蒙古自治区,通辽市,霍林郭勒市,119.681242,45.533598
150602,内蒙古自治区,鄂尔多斯市,东胜区,109.963403,39.823066
150603,内蒙古自治区,鄂尔多斯市,康巴什区,109.858586,39.60793
150621,内蒙古自治区,鄂尔多斯市,达拉特旗,110.034133,40.412766
150622,内蒙古自治区,鄂尔多斯市,准格尔旗,111.27416,40.092513
150623,内蒙古自治区,鄂尔多斯市,鄂托克前旗,107.47733,38.182402
150624,内蒙古自治区,鄂尔多斯市,鄂托克旗,107.975948,39.089549
150625,内蒙古自治区,鄂尔多斯市,杭锦旗,108.736011,39.833243
150626,内蒙古自治区,鄂尔多斯市,乌审旗,108.819485,38.60453
150627,内蒙古自治区,鄂尔多斯市,伊金霍洛旗,109.747435,39.565064
150702,内蒙古自治区,呼伦贝尔市,海拉尔区,119.824542,49.234715
150703,内蒙古自治区,呼伦贝尔市,扎赉诺尔区,117.669939,49.511213
150721,内蒙古自治区,呼伦贝尔市,阿荣旗,123.458943,48.126553
150722,内蒙古自治区,呼伦贝尔市,莫力达瓦达斡尔族自治旗,124.519023,48.477728
150723,内蒙古自治区,呼伦贝尔市,鄂伦春自治旗,123.725643,50.591604
150724,内蒙古自治区,呼伦贝尔市,鄂温克族自治旗,119.755253,49.146692
150725,内蒙古自治区,呼伦贝尔市,陈巴尔虎旗,119.424026,49.328916
150726,内蒙古自治区,呼伦贝尔市,新巴尔虎左旗,118.269782,48.21827
150727,内蒙古自治区,呼伦贝尔市,新巴尔虎右旗,116.8237,48.671865
150781,内蒙古自治区,呼伦贝尔市,满洲里市,117.379134,49.59862
150782,内蒙古自治区,呼伦贝尔市,牙克石市,120.711639,49.285947
150783,内蒙古自治区,呼伦贝尔市,扎兰屯市,122.708475,48.028396
150784,内蒙古自治区,呼伦贝尔市,额尔古纳市,120.180506,50.243102
150785,内蒙古自治区,呼伦贝尔市,根河市,121.520165,50.779758
150802,内蒙古自治区,巴彦淖尔市,临河区,107.363536,40.750969
150821,内蒙古自治区,巴彦淖尔市,五原县,108.267466,41.088446
150822,内蒙古自治区,巴彦淖尔市,磴口县,107.008288,40.330534
150823,内蒙古自治区,巴彦淖尔市,乌拉特前旗,108.652114,40.737018
150824,内蒙古自治区,巴彦淖尔市,乌拉特中旗,108.513653,41.58813
150825,内蒙古自治区,巴彦淖尔市,乌拉特后旗,107.074748,41.08412
150826,内蒙古自治区,巴彦淖尔市,杭锦后旗,107.151296,40.886596
150902,内蒙古自治区,乌兰察布市,集宁区,113.168973,41.000742
150921,内蒙古自治区,乌兰察布市,卓资县,112.577716,40.894618
150922,内蒙古自治区,乌兰察布市,化德县,114.01029,41.904123
150923,内蒙古自治区,乌兰察布市,商都县,113.577778,41.562176
150924,内蒙古自治区,乌兰察布市,兴和县,113.834176,40.8723
150925,内蒙古自治区,乌兰察布市,凉城县,112.504243,40.532358
150926,内蒙古自治区,乌兰察布市,察哈尔右翼前旗,113.212409,40.783551
150927,内蒙古自治区,乌兰察布市,察哈尔右翼中旗,112.635348,41.277449
150928,内蒙古自治区,乌兰察布市,察哈尔右翼后旗,113.191505,41.435937
150929,内蒙古自治区,乌兰察布市,四子王旗,111.706663,41.533542
150981,内蒙古自治区,乌兰察布市,丰镇市,113.109875,40.437022
152201,内蒙古自治区,兴安盟,乌兰浩特市,122.093309,46.072233
152202,内蒙古自治区,兴安盟,阿尔山市,119.943577,47.17744
152221,内蒙古自治区,兴安盟,科尔沁右翼前旗,121.952638,46.079664
152222,内蒙古自治区,兴安盟,科尔沁右翼中旗,121.476357,45.060728
152223,内蒙古自治区,兴安盟,扎赉特旗,122.899627,46.723154
152224,内蒙古自治区,兴安盟,突泉县,121.593972,45.381918
152501,内蒙古自治区,锡林郭勒盟,二连浩特市,111.949594,43.64285
152502,内蒙古自治区,锡林郭勒盟,锡林浩特市,116.085814,43.933417
152522,内蒙古自治区,锡林郭勒盟,阿巴嘎旗,114.950185,44.022831
152523,内蒙古自治区,锡林郭勒盟,苏尼特左旗,113.667171,43.859718
152524,内蒙古自治区,锡林郭勒盟,苏尼特右旗,112.641806,42.742417
152525,内蒙古自治区,锡林郭勒盟,东乌珠穆沁旗,116.97526,45.497329
152526,内蒙古自治区,锡林郭勒盟,西乌珠穆沁旗,117.608668,44.587746
152527,内蒙古自治区,锡林郭勒盟,太仆寺旗,115.283173,41.876889
152528,内蒙古自治区,锡林郭勒盟,镶黄旗,113.847287,42.232371
152529,内蒙古自治区,锡林郭勒盟,正镶白旗,115.029748,42.287493
152530,内蒙古自治区,锡林郭勒盟,正蓝旗,115.991648,42.241815
152531,内蒙古自治区,锡林郭勒盟,多伦县,116.485549,42.203454
152921,内蒙古自治区,阿拉善盟,阿拉善左旗,105.666208,38.833589
152922,内蒙古自治区,阿拉善盟,阿拉善右旗,101.666917,39.216185
152923,内蒙古自治区,阿拉善盟,额济纳旗,101.055861,41.953963
210102,辽宁省,沈阳市,和平区,123.420401,41.789766
210103,辽宁省,沈阳市,沈河区,123.45884,41.795688
210104,辽宁省,沈阳市,大东区,123.469828,41.805292
210105,辽宁省,沈阳市,皇姑区,123.441468,41.824574
210106,辽宁省,沈阳市,铁西区,123.334781,41.821721
210111,辽宁省,沈阳市,苏家屯区,123.343937,41.665153
210112,辽宁省,沈阳市,浑南区,123.449597,41.714729
210113,辽宁省,沈阳市,沈北新区,123.584209,41.913071
210114,辽宁省,沈阳市,于洪区,123.308062,41.793925
210115,辽宁省,沈阳市,辽中区,122.766159,41.517449
210123,辽宁省,沈阳市,康平县,123.343701,42.727249
210124,辽宁省,沈阳市,法库县,123.440294,42.50108
210181,辽宁省,沈阳市,新民市,122.835964,41.985757
210202,辽宁省,大连市,中山区,121.644996,38.918357
210203,辽宁省,大连市,西岗区,121.612461,38.914751
210204,辽宁省,大连市,沙河口区,121.594201,38.904771
210211,辽宁省,大连市,甘井子区,121.525469,38.952998
210212,辽宁省,大连市,旅顺口区,121.261982,38.851742
210213,辽宁省,大连市,金州区,121.782513,39.050211
210214,辽宁省,大连市,普兰店区,121.938299,39.391565
210224,辽宁省,大连市,长海县,122.588487,39.272779
210281,辽宁省,大连市,瓦房店市,121.979463,39.62701
210283,辽宁省,大连市,庄河市,122.965881,39.680825
210302,辽宁省,鞍山市,铁东区,122.990888,41.089578
210303,辽宁省,鞍山市,铁西区,122.969531,41.119719
210304,辽宁省,鞍山市,立山区,123.029091,41.150401
210311,辽宁省,鞍山市,千山区,122.944751,41.068901
210321,辽宁省,鞍山市,台安县,122.436037,41.412866
210323,辽宁省,鞍山市,岫岩满族自治县,123.280933,40.290995
210381,辽宁省,鞍山市,海城市,122.685176,40.882548
210402,辽宁省,抚顺市,新抚区,123.91293,41.861922
210403,辽宁省,抚顺市,东洲区,124.038491,41.853001
210404,辽宁省,抚顺市,望花区,123.784235,41.853484
210411,辽宁省,抚顺市,顺城区,123.94504,41.883375
210421,辽宁省,抚顺市,抚顺县,123.899923,41.730094
210422,辽宁省,抚顺市,新宾满族自治县,125.039994,41.734031
210423,辽宁省,抚顺市,清原满族自治县,124.924028,42.100804
210502,辽宁省,本溪市,平山区,123.769081,41.299658
210503,辽宁省,本溪市,溪湖区,123.767817,41.32931
210504,辽宁省,本溪市,明山区,123.861747,41.343624
210505,辽宁省,本溪市,南芬区,123.744822,41.100273
210521,辽宁省,本溪市,本溪满族自治县,124.119545,41.301553
210522,辽宁省,本溪市,桓仁满族自治县,125.361061,41.267048
210602,辽宁省,丹东市,元宝区,124.395577,40.136549
210603,辽宁省,丹东市,振兴区,124.383382,40.129706
210604,辽宁省,丹东市,振安区,124.470005,40.20154
210624,辽宁省,丹东市,宽甸满族自治县,124.783674,40.731319
210681,辽宁省,丹东市,东港市,124.152581,39.863193
210682,辽宁省,丹东市,凤城市,124.066873,40.45218
210702,辽宁省,锦州市,古塔区,121.128414,41.117481
210703,辽宁省,锦州市,凌河区,121.151069,41.115058
210711,辽宁省,锦州市,太和区,121.103445,41.109232
210726,辽宁省,锦州市,黑山县,122.126645,41.653552
210727,辽宁省,锦州市,义县,121.239558,41.533553
210781,辽宁省,锦州市,凌海市,121.35499,41.160636
210782,辽宁省,锦州市,北镇市,121.777503,41.588657
210802,辽宁省,营口市,站前区,122.259058,40.673063
210803,辽宁省,营口市,西市区,122.206431,40.666707
210804,辽宁省,营口市,鲅鱼圈区,122.121764,40.226708
210811,辽宁省,营口市,老边区,122.307956,40.671279
210881,辽宁省,营口市,盖州市,122.34845,40.400259
210882,辽宁省,营口市,大石桥市,122.482393,40.664851
210902,辽宁省,阜新市,海州区,121.662594,42.017794
210903,辽宁省,阜新市,新邱区,121.792067,42.087549
210904,辽宁省,阜新市,太平区,121.678637,42.010689
210905,辽宁省,阜新市,清河门区,121.416105,41.7831
210911,辽宁省,阜新市,细河区,121.680157,42.025412
210921,辽宁省,阜新市,阜新蒙古族自治县,121.757901,42.065175
210922,辽宁省,阜新市,彰武县,122.538563,42.386264
211002,辽宁省,辽阳市,白塔区,123.174347,41.270397
211003,辽宁省,辽阳市,文圣区,123.231262,41.282378
211004,辽宁省,辽阳市,宏伟区,123.196725,41.217852
211005,辽宁省,辽阳市,弓长岭区,123.419567,41.151787
211011,辽宁省,辽阳市,太子河区,123.18144,41.295023
211021,辽宁省,辽阳市,辽阳县,123.106426,41.206246
211081,辽宁省,辽阳市,灯塔市,123.339398,41.426537
211102,辽宁省,盘锦市,双台子区,122.07597,41.212401
211103,辽宁省,盘锦市,兴隆台区,122.070685,41.120261
211104,辽宁省,盘锦市,大洼区,122.082227,41.002679
211122,辽宁省,盘锦市,盘山县,121.996408,41.243367
211202,辽宁省,铁岭市,银州区,123.842472,42.286575
211204,辽宁省,铁岭市,清河区,124.159232,42.54714
211221,辽宁省,铁岭市,铁岭县,123.728933,42.223395
211223,辽宁省,铁岭市,西丰县,124.727491,42.738178
211224,辽宁省,铁岭市,昌图县,124.086628,42.779333
211281,辽宁省,铁岭市,调兵山市,123.567039,42.468007
211282,辽宁省,铁岭市,开原市,124.051886,42.577645
211302,辽宁省,朝阳市,双塔区,120.453717,41.565814
211303,辽宁省,朝阳市,龙城区,120.413376,41.576749
211321,辽宁省,朝阳市,朝阳县,120.390001,41.497923
211322,辽宁省,朝阳市,建平县,119.64328,41.402891
211324,辽宁省,朝阳市,喀喇沁左翼蒙古族自治县,119.741223,41.12815
211381,辽宁省,朝阳市,北票市,120.771389,41.801117
211382,辽宁省,朝阳市,凌源市,119.401574,41.245445
211402,辽宁省,葫芦岛市,连山区,120.869157,40.774784
211403,辽宁省,葫芦岛市,龙港区,120.894054,40.735717
211404,辽宁省,葫芦岛市,南票区,120.74971,41.10721
211421,辽宁省,葫芦岛市,绥中县,120.34432,40.325576
211422,辽宁省,葫芦岛市,建昌县,119.836669,40.824484
211481,辽宁省,葫芦岛市,兴城市,120.756661,40.60999
220102,吉林省,长春市,南关区,125.307232,43.798665
220103,吉林省,长春市,宽城区,125.326614,43.943522
220104,吉林省,长春市,朝阳区,125.288168,43.833845
220105,吉林省,长春市,二道区,125.37419,43.865912
220106,吉林省,长春市,绿园区,125.256214,43.881047
220112,吉林省,长春市,双阳区,125.664583,43.525367
220113,吉林省,长春市,九台区,125.839549,44.151672
220122,吉林省,长春市,农安县,125.184921,44.432829
220182,吉林省,长春市,榆树市,126.533126,44.840263
220183,吉林省,长春市,德惠市,125.728552,44.521788
220184,吉林省,长春市,公主岭市,124.79379,43.495116
220202,吉林省,吉林市,昌邑区,126.574414,43.881896
220203,吉林省,吉林市,龙潭区,126.562131,43.910743
220204,吉林省,吉林市,船营区,126.540909,43.833806
220211,吉林省,吉林市,丰满区,126.561351,43.821192
220221,吉林省,吉林市,永吉县,126.497899,43.672198
220281,吉林省,吉林市,蛟河市,127.344773,43.72382
220282,吉林省,吉林市,桦甸市,126.746245,42.972272
220283,吉林省,吉林市,舒兰市,126.965515,44.405922
220284,吉林省,吉林市,磐石市,126.060328,42.946608
220302,吉林省,四平市,铁西区,124.345994,43.146288
220303,吉林省,四平市,铁东区,124.409852,43.162664
220322,吉林省,四平市,梨树县,124.335389,43.30706
220323,吉林省,四平市,伊通满族自治县,125.305393,43.345754
220382,吉林省,四平市,双辽市,123.502398,43.518301
220402,吉林省,辽源市,龙山区,125.13703,42.902194
220403,吉林省,辽源市,西安区,125.149488,42.927252
220421,吉林省,辽源市,东丰县,125.53096,42.677253
220422,吉林省,辽源市,东辽县,124.991045,42.925636
220502,吉林省,通化市,东昌区,125.927187,41.702872
220503,吉林省,通化市,二道江区,126.042546,41.773989
220521,吉林省,通化市,通化县,125.758927,41.680135
220523,吉林省,通化市,辉南县,126.046006,42.684706
220524,吉林省,通化市,柳河县,125.744654,42.284594
220581,吉林省,通化市,梅河口市,125.711129,42.539183
220582,吉林省,通化市,集安市,126.193172,41.125805
220602,吉林省,白山市,浑江区,126.416093,41.945409
220605,吉林省,白山市,江源区,126.591178,42.056747
220621,吉林省,白山市,抚松县,127.449387,42.221038
220622,吉林省,白山市,靖宇县,126.813262,42.388902
220623,吉林省,白山市,长白朝鲜族自治县,128.20066,41.420253
220681,吉林省,白山市,临江市,126.918086,41.811979
220702,吉林省,松原市,宁江区,124.875965,45.209435
220721,吉林省,松原市,前郭尔罗斯蒙古族自治县,124.823417,45.118061
220722,吉林省,松原市,长岭县,123.967244,44.276293
220723,吉林省,松原市,乾安县,124.040651,45.003539
220781,吉林省,松原市,扶余市,126.049534,44.989057
220802,吉林省,白城市,洮北区,122.851105,45.621545
220821,吉林省,白城市,镇赉县,123.19967,45.848195
220822,吉林省,白城市,通榆县,123.088093,44.812912
220881,吉林省,白城市,洮南市,122.79845,45.356849
220882,吉林省,白城市,大安市,124.291032,45.507004
222401,吉林省,延边朝鲜族自治州,延吉市,129.507655,42.891034
222402,吉林省,延边朝鲜族自治州,图们市,129.843807,42.968039
222403,吉林省,延边朝鲜族自治州,敦化市,128.232235,43.372669
222404,吉林省,延边朝鲜族自治州,珲春市,130.365829,42.862551
222405,吉林省,延边朝鲜族自治州,龙井市,129.426529,42.767172
222406,吉林省,延边朝鲜族自治州,和龙市,129.010932,42.546434
222424,吉林省,延边朝鲜族自治州,汪清县,129.785137,43.317215
222426,吉林省,延边朝鲜族自治州,安图县,128.899744,43.111978
230102,黑龙江省,哈尔滨市,道里区,126.616912,45.755832
230103,黑龙江省,哈尔滨市,南岗区,126.66882,45.759967
230104,黑龙江省,哈尔滨市,道外区,126.649094,45.792351
230108,黑龙江省,哈尔滨市,平房区,126.63675,45.597529
230109,黑龙江省,哈尔滨市,松北区,126.516602,45.794991
230110,黑龙江省,哈尔滨市,香坊区,126.662959,45.707871
230111,黑龙江省,哈尔滨市,呼兰区,126.587704,45.889557
230112,黑龙江省,哈尔滨市,阿城区,126.957984,45.548671
230113,黑龙江省,哈尔滨市,双城区,126.31279,45.382873
230123,黑龙江省,哈尔滨市,依兰县,129.567777,46.325536
230124,黑龙江省,哈尔滨市,方正县,128.829513,45.851673
230125,黑龙江省,哈尔滨市,宾县,127.466372,45.746313
230126,黑龙江省,哈尔滨市,巴彦县,127.403521,46.086182
230127,黑龙江省,哈尔滨市,木兰县,128.043194,45.950649
230128,黑龙江省,哈尔滨市,通河县,128.74629,45.990214
230129,黑龙江省,哈尔滨市,延寿县,128.311071,45.445956
230183,黑龙江省,哈尔滨市,尚志市,128.009218,45.209199
230184,黑龙江省,哈尔滨市,五常市,127.167501,44.932164
230202,黑龙江省,齐齐哈尔市,龙沙区,123.958447,47.317103
230203,黑龙江省,齐齐哈尔市,建华区,123.95555,47.354212
230204,黑龙江省,齐齐哈尔市,铁锋区,123.978079,47.340719
230205,黑龙江省,齐齐哈尔市,昂昂溪区,123.822137,47.154806
230206,黑龙江省,齐齐哈尔市,富拉尔基区,123.628926,47.20873
230207,黑龙江省,齐齐哈尔市,碾子山区,122.887548,47.516614
230208,黑龙江省,齐齐哈尔市,梅里斯达斡尔族区,123.752482,47.309755
230221,黑龙江省,齐齐哈尔市,龙江县,123.204953,47.338512
230223,黑龙江省,齐齐哈尔市,依安县,125.306161,47.893442
230224,黑龙江省,齐齐哈尔市,泰来县,123.416631,46.393694
230225,黑龙江省,齐齐哈尔市,甘南县,123.507935,47.921698
230227,黑龙江省,齐齐哈尔市,富裕县,124.474411,47.774038
230229,黑龙江省,齐齐哈尔市,克山县,125.875103,48.037748
230230,黑龙江省,齐齐哈尔市,克东县,126.249124,48.041562
230231,黑龙江省,齐齐哈尔市,拜泉县,126.09905,47.59586
230281,黑龙江省,齐齐哈尔市,讷河市,124.88293,48.466829
230302,黑龙江省,鸡西市,鸡冠区,130.981342,45.303892
230303,黑龙江省,鸡西市,恒山区,130.90466,45.21119
230304,黑龙江省,鸡西市,滴道区,130.844193,45.349068
230305,黑龙江省,鸡西市,梨树区,130.69699,45.092046
230306,黑龙江省,鸡西市,城子河区,131.011476,45.336804
230307,黑龙江省,鸡西市,麻山区,130.477691,45.211863
230321,黑龙江省,鸡西市,鸡东县,131.124083,45.260413
230381,黑龙江省,鸡西市,虎林市,132.937002,45.763262
230382,黑龙江省,鸡西市,密山市,131.846824,45.529482
230402,黑龙江省,鹤岗市,向阳区,130.294331,47.342478
230403,黑龙江省,鹤岗市,工农区,130.27472,47.318971
230404,黑龙江省,鹤岗市,南山区,130.285991,47.315121
230405,黑龙江省,鹤岗市,兴安区,130.239289,47.252805
230406,黑龙江省,鹤岗市,东山区,130.317151,47.338571
230407,黑龙江省,鹤岗市,兴山区,130.303598,47.357698
230421,黑龙江省,鹤岗市,萝北县,130.820566,47.578979
230422,黑龙江省,鹤岗市,绥滨县,131.852863,47.289522
230502,黑龙江省,双鸭山市,尖山区,131.158372,46.646083
230503,黑龙江省,双鸭山市,岭东区,131.165067,46.592663
230505,黑龙江省,双鸭山市,四方台区,131.337636,46.597143
230506,黑龙江省,双鸭山市,宝山区,131.401589,46.577167
230521,黑龙江省,双鸭山市,集贤县,131.141452,46.728448
230522,黑龙江省,双鸭山市,友谊县,131.807815,46.767299
230523,黑龙江省,双鸭山市,宝清县,132.196907,46.327335
230524,黑龙江省,双鸭山市,饶河县,134.014125,46.79726
230602,黑龙江省,大庆市,萨尔图区,125.135269,46.629281
230603,黑龙江省,大庆市,龙凤区,125.135093,46.562369
230604,黑龙江省,大庆市,让胡路区,124.889858,46.642567
230605,黑龙江省,大庆市,红岗区,124.891041,46.398567
230606,黑龙江省,大庆市,大同区,124.812221,46.039972
230621,黑龙江省,大庆市,肇州县,125.268449,45.699543
230622,黑龙江省,大庆市,肇源县,125.078311,45.518982
230623,黑龙江省,大庆市,林甸县,124.863628,47.171677
230624,黑龙江省,大庆市,杜尔伯特蒙古族自治县,124.442829,46.862348
230717,黑龙江省,伊春市,伊美区,128.907156,47.728257
230718,黑龙江省,伊春市,乌翠区,128.68003,47.729319
230719,黑龙江省,伊春市,友好区,128.836341,47.840801
230722,黑龙江省,伊春市,嘉荫县,130.402406,48.888613
230723,黑龙江省,伊春市,汤旺县,129.56205,48.456644
230724,黑龙江省,伊春市,丰林县,129.533661,48.290566
230725,黑龙江省,伊春市,大箐山县,129.020519,47.028313
230726,黑龙江省,伊春市,南岔县,129.283584,47.139009
230751,黑龙江省,伊春市,金林区,129.428839,47.413019
230781,黑龙江省,伊春市,铁力市,128.032554,46.986604
230803,黑龙江省,佳木斯市,向阳区,130.365263,46.807808
230804,黑龙江省,佳木斯市,前进区,130.375254,46.81405
230805,黑龙江省,佳木斯市,东风区,130.403588,46.822609
230811,黑龙江省,佳木斯市,郊区,130.327182,46.809596
230822,黑龙江省,佳木斯市,桦南县,130.553472,46.239314
230826,黑龙江省,佳木斯市,桦川县,130.71908,47.023001
230828,黑龙江省,佳木斯市,汤原县,129.904747,46.730623
230881,黑龙江省,佳木斯市,同江市,132.510113,47.642475
230882,黑龙江省,佳木斯市,富锦市,132.037659,47.250144
230883,黑龙江省,佳木斯市,抚远市,134.30786,48.365027
230902,黑龙江省,七台河市,新兴区,130.93226,45.816579
230903,黑龙江省,七台河市,桃山区,131.020046,45.765733
230904,黑龙江省,七台河市,茄子河区,131.067545,45.785755
230921,黑龙江省,七台河市,勃利县,130.592009,45.755856
231002,黑龙江省,牡丹江市,东安区,129.626651,44.58125
231003,黑龙江省,牡丹江市,阳明区,129.635836,44.595851
231004,黑龙江省,牡丹江市,爱民区,129.591227,44.595897
231005,黑龙江省,牡丹江市,西安区,129.616021,44.577611
231025,黑龙江省,牡丹江市,林口县,130.282286,45.279754
231081,黑龙江省,牡丹江市,绥芬河市,131.151805,44.412487
231083,黑龙江省,牡丹江市,海林市,129.380756,44.594017
231084,黑龙江省,牡丹江市,宁安市,129.482505,44.340617
231085,黑龙江省,牡丹江市,穆棱市,130.52446,44.918842
231086,黑龙江省,牡丹江市,东宁市,131.124839,44.090361
231102,黑龙江省,黑河市,爱辉区,127.500703,50.252361
231123,黑龙江省,黑河市,逊克县,128.478698,49.56429
231124,黑龙江省,黑河市,孙吴县,127.336163,49.425645
231181,黑龙江省,黑河市,北安市,126.490989,48.241168
231182,黑龙江省,黑河市,五大连池市,126.205446,48.517342
231183,黑龙江省,黑河市,嫩江市,125.221192,49.185766
231202,黑龙江省,绥化市,北林区,126.984995,46.638114
231221,黑龙江省,绥化市,望奎县,126.486333,46.832185
231222,黑龙江省,绥化市,兰西县,126.287734,46.252966
231223,黑龙江省,绥化市,青冈县,126.099314,46.70398
231224,黑龙江省,绥化市,庆安县,127.505861,46.864084
231225,黑龙江省,绥化市,明水县,125.90601,47.173649
231226,黑龙江省,绥化市,绥棱县,127.114928,47.235814
231281,黑龙江省,绥化市,安达市,125.307629,46.451882
231282,黑龙江省,绥化市,肇东市,125.962419,46.050664
231283,黑龙江省,绥化市,海伦市,126.930191,47.450661
232701,黑龙江省,大兴安岭地区,漠河市,122.539313,52.972465
232721,黑龙江省,大兴安岭地区,呼玛县,126.651856,51.725924
232722,黑龙江省,大兴安岭地区,塔河县,124.709733,52.334512
232761,黑龙江省,大兴安岭地区,加格达奇区,124.139742,50.408822
310101,上海市,上海市,黄浦区,121.48442,31.231661
310104,上海市,上海市,徐汇区,121.436307,31.188334
310105,上海市,上海市,长宁区,121.424751,31.220537
310106,上海市,上海市,静安区,121.447348,31.227718
310107,上海市,上海市,普陀区,121.39547,31.249618
310109,上海市,上海市,虹口区,121.504994,31.264917
310110,上海市,上海市,杨浦区,121.525409,31.259588
310112,上海市,上海市,闵行区,121.380857,31.112834
310113,上海市,上海市,宝山区,121.489431,31.405242
310114,上海市,上海市,嘉定区,121.265276,31.375566
310115,上海市,上海市,浦东新区,121.544346,31.221461
310116,上海市,上海市,金山区,121.341774,30.742769
310117,上海市,上海市,松江区,121.227676,31.03257
310118,上海市,上海市,青浦区,121.124249,31.15098
310120,上海市,上海市,奉贤区,121.473945,30.918406
310151,上海市,上海市,崇明区,121.397662,31.623863
320102,江苏省,南京市,玄武区,118.797779,32.048644
320104,江苏省,南京市,秦淮区,118.794792,32.039065
320105,江苏省,南京市,建邺区,118.731642,32.003343
320106,江苏省,南京市,鼓楼区,118.769943,32.066814
320111,江苏省,南京市,浦口区,118.627165,32.059796
320113,江苏省,南京市,栖霞区,118.909117,32.096423
320114,江苏省,南京市,雨花台区,118.779087,31.991291
320115,江苏省,南京市,江宁区,118.83951,31.953195
320116,江苏省,南京市,六合区,118.822241,32.323235
320117,江苏省,南京市,溧水区,119.028414,31.651108
320118,江苏省,南京市,高淳区,118.892074,31.328678
320205,江苏省,无锡市,锡山区,120.357732,31.589484
320206,江苏省,无锡市,惠山区,120.29843,31.680282
320211,江苏省,无锡市,滨湖区,120.284381,31.527846
320213,江苏省,无锡市,梁溪区,120.303551,31.566226
320214,江苏省,无锡市,新吴区,120.364303,31.49085
320281,江苏省,无锡市,江阴市,120.284794,31.921642
320282,江苏省,无锡市,宜兴市,119.821873,31.338429
320302,江苏省,徐州市,鼓楼区,117.185643,34.288736
320303,江苏省,徐州市,云龙区,117.251515,34.253638
320305,江苏省,徐州市,贾汪区,117.465137,34.436492
320311,江苏省,徐州市,泉山区,117.194405,34.22655
320312,江苏省,徐州市,铜山区,117.169698,34.181162
320321,江苏省,徐州市,丰县,116.658111,34.697232
320322,江苏省,徐州市,沛县,116.936353,34.760761
320324,江苏省,徐州市,睢宁县,117.941364,33.913727
320381,江苏省,徐州市,新沂市,118.354747,34.369585
320382,江苏省,徐州市,邳州市,118.012511,34.339208
320402,江苏省,常州市,天宁区,119.999439,31.79232
320404,江苏省,常州市,钟楼区,119.902081,31.802608
320411,江苏省,常州市,新北区,119.960925,31.86355
320412,江苏省,常州市,武进区,119.942441,31.701252
320413,江苏省,常州市,金坛区,119.587503,31.722384
320481,江苏省,常州市,溧阳市,119.484164,31.416967
320505,江苏省,苏州市,虎丘区,120.434238,31.329601
320506,江苏省,苏州市,吴中区,120.632094,31.263604
320507,江苏省,苏州市,相城区,120.642391,31.369189
320508,江苏省,苏州市,姑苏区,120.617367,31.335648
320509,江苏省,苏州市,吴江区,120.645728,31.138525
320581,江苏省,苏州市,常熟市,120.752512,31.656016
320582,江苏省,苏州市,张家港市,120.555979,31.876739
320583,江苏省,苏州市,昆山市,120.980795,31.385476
320585,江苏省,苏州市,太仓市,121.130344,31.458043
320612,江苏省,南通市,通州区,121.073742,32.065972
320613,江苏省,南通市,崇川区,120.857253,32.010277
320614,江苏省,南通市,海门区,121.182016,31.869418
320623,江苏省,南通市,如东县,121.18495,32.331584
320681,江苏省,南通市,启东市,121.65523,31.792831
320682,江苏省,南通市,如皋市,120.574028,32.371493
320685,江苏省,南通市,海安市,120.46779,32.532853
320703,江苏省,连云港市,连云区,119.338901,34.760317
320706,江苏省,连云港市,海州区,119.163492,34.572506
320707,江苏省,连云港市,赣榆区,119.173173,34.841336
320722,江苏省,连云港市,东海县,118.752869,34.542194
320723,江苏省,连云港市,灌云县,119.239426,34.284074
320724,江苏省,连云港市,灌南县,119.315583,34.087251
320803,江苏省,淮安市,淮安区,119.167809,33.531037
320804,江苏省,淮安市,淮阴区,119.034895,33.632588
320812,江苏省,淮安市,清江浦区,119.026662,33.552579
320813,江苏省,淮安市,洪泽区,118.873132,33.294095
320826,江苏省,淮安市,涟水县,119.260589,33.781648
320830,江苏省,淮安市,盱眙县,118.544545,33.011905
320831,江苏省,淮安市,金湖县,119.020432,33.024663
320902,江苏省,盐城市,亭湖区,120.196148,33.391414
320903,江苏省,盐城市,盐都区,120.153567,33.338538
320904,江苏省,盐城市,大丰区,120.500761,33.200047
320921,江苏省,盐城市,响水县,119.578332,34.199172
320922,江苏省,盐城市,滨海县,119.820713,33.990372
320923,江苏省,盐城市,阜宁县,119.802271,33.758857
320924,江苏省,盐城市,射阳县,120.326338,33.766277
320925,江苏省,盐城市,建湖县,119.788743,33.438931
320981,江苏省,盐城市,东台市,120.320308,32.867845
321002,江苏省,扬州市,广陵区,119.431785,32.395654
321003,江苏省,扬州市,邗江区,119.397935,32.37741
321012,江苏省,扬州市,江都区,119.569684,32.43571
321023,江苏省,扬州市,宝应县,119.358389,33.241125
321081,江苏省,扬州市,仪征市,119.184468,32.272833
321084,江苏省,扬州市,高邮市,119.45892,32.781606
321102,江苏省,镇江市,京口区,119.470186,32.198285
321111,江苏省,镇江市,润州区,119.411383,32.195146
321112,江苏省,镇江市,丹徒区,119.433854,32.132118
321181,江苏省,镇江市,丹阳市,119.606071,32.010035
321182,江苏省,镇江市,扬中市,119.796816,32.236476
321183,江苏省,镇江市,句容市,119.168693,31.945732
321202,江苏省,泰州市,海陵区,119.923825,32.49248
321203,江苏省,泰州市,高港区,119.88154,32.31923
321204,江苏省,泰州市,姜堰区,120.12807,32.51029
321281,江苏省,泰州市,兴化市,119.85255,32.911952
321282,江苏省,泰州市,靖江市,120.277124,31.98325
321283,江苏省,泰州市,泰兴市,120.051475,32.173072
321302,江苏省,宿迁市,宿城区,118.242048,33.963891
321311,江苏省,宿迁市,宿豫区,118.330423,33.94813
321322,江苏省,宿迁市,沭阳县,118.804321,34.110642
321323,江苏省,宿迁市,泗阳县,118.703636,33.723576
321324,江苏省,宿迁市,泗洪县,118.223941,33.476575
330102,浙江省,杭州市,上城区,120.19732,30.226543
330105,浙江省,杭州市,拱墅区,120.141503,30.319126
330106,浙江省,杭州市,西湖区,120.130396,30.259242
330108,浙江省,杭州市,滨江区,120.211981,30.208332
330109,浙江省,杭州市,萧山区,120.264263,30.184119
330110,浙江省,杭州市,余杭区,119.978742,30.273705
330111,浙江省,杭州市,富阳区,119.96022,30.048803
330112,浙江省,杭州市,临安区,119.724457,30.234375
330113,浙江省,杭州市,临平区,120.299222,30.419154
330114,浙江省,杭州市,钱塘区,120.493941,30.32304
330122,浙江省,杭州市,桐庐县,119.691755,29.79418
330127,浙江省,杭州市,淳安县,119.042015,29.609678
330182,浙江省,杭州市,建德市,119.281195,29.474964
330203,浙江省,宁波市,海曙区,121.550485,29.873705
330205,浙江省,宁波市,江北区,121.555067,29.88673
330206,浙江省,宁波市,北仑区,121.844601,29.899548
330211,浙江省,宁波市,镇海区,121.596686,29.965212
330212,浙江省,宁波市,鄞州区,121.546617,29.817302
330213,浙江省,宁波市,奉化区,121.406151,29.655292
330225,浙江省,宁波市,象山县,121.869251,29.476826
330226,浙江省,宁波市,宁海县,121.429729,29.287929
330281,浙江省,宁波市,余姚市,121.154572,30.037967
330282,浙江省,宁波市,慈溪市,121.266525,30.170695
330302,浙江省,温州市,鹿城区,120.655199,28.015776
330303,浙江省,温州市,龙湾区,120.812333,27.933261
330304,浙江省,温州市,瓯海区,120.615149,27.967445
330305,浙江省,温州市,洞头区,121.157406,27.836412
330324,浙江省,温州市,永嘉县,120.69136,28.153914
330326,浙江省,温州市,平阳县,120.565161,27.662394
330327,浙江省,温州市,苍南县,120.425957,27.518636
330328,浙江省,温州市,文成县,120.090929,27.786856
330329,浙江省,温州市,泰顺县,119.717643,27.556578
330381,浙江省,温州市,瑞安市,120.655245,27.778967
330382,浙江省,温州市,乐清市,120.986297,28.112519
330383,浙江省,温州市,龙港市,120.552952,27.578379
330402,浙江省,嘉兴市,南湖区,120.782952,30.747738
330411,浙江省,嘉兴市,秀洲区,120.709047,30.764811
330421,浙江省,嘉兴市,嘉善县,120.926031,30.83085
330424,浙江省,嘉兴市,海盐县,120.94628,30.52664
330481,浙江省,嘉兴市,海宁市,120.680224,30.511536
330482,浙江省,嘉兴市,平湖市,121.015619,30.677804
330483,浙江省,嘉兴市,桐乡市,120.565127,30.630375
330502,浙江省,湖州市,吴兴区,120.185608,30.857184
330503,浙江省,湖州市,南浔区,120.418244,30.850835
330521,浙江省,湖州市,德清县,119.9774,30.54251
330522,浙江省,湖州市,长兴县,119.911212,31.026962
330523,浙江省,湖州市,安吉县,119.680261,30.638803
330602,浙江省,绍兴市,越城区,120.582338,29.989092
330603,浙江省,绍兴市,柯桥区,120.495532,30.083039
330604,浙江省,绍兴市,上虞区,120.868571,30.033862
330624,浙江省,绍兴市,新昌县,120.903918,29.500525
330681,浙江省,绍兴市,诸暨市,120.246602,29.709398
330683,浙江省,绍兴市,嵊州市,120.830505,29.561519
330702,浙江省,金华市,婺城区,119.571574,29.087311
330703,浙江省,金华市,金东区,119.692821,29.099822
330723,浙江省,金华市,武义县,119.816341,28.892562
330726,浙江省,金华市,浦江县,119.89259,29.453363
330727,浙江省,金华市,磐安县,120.449937,29.054491
330781,浙江省,金华市,兰溪市,119.460404,29.209059
330782,浙江省,金华市,义乌市,120.075679,29.306296
330783,浙江省,金华市,东阳市,120.24179,29.290158
330784,浙江省,金华市,永康市,120.047356,28.88899
330802,浙江省,衢州市,柯城区,118.874138,28.936937
330803,浙江省,衢州市,衢江区,118.959139,28.980356
330822,浙江省,衢州市,常山县,118.511224,28.902446
330824,浙江省,衢州市,开化县,118.406852,29.1179
330825,浙江省,衢州市,龙游县,119.1723,29.028214
330881,浙江省,衢州市,江山市,118.627228,28.73796
330902,浙江省,舟山市,定海区,122.106844,30.019795
330903,浙江省,舟山市,普陀区,122.323297,29.970571
330921,浙江省,舟山市,岱山县,122.225718,30.264533
330922,浙江省,舟山市,嵊泗县,122.45132,30.725677
331002,浙江省,台州市,椒江区,121.442859,28.673334
331003,浙江省,台州市,黄岩区,121.261804,28.649433
331004,浙江省,台州市,路桥区,121.337874,28.578244
331022,浙江省,台州市,三门县,121.39561,29.104888
331023,浙江省,台州市,天台县,121.006657,29.144594
331024,浙江省,台州市,仙居县,120.728733,28.846856
331081,浙江省,台州市,温岭市,121.385435,28.372805
331082,浙江省,台州市,临海市,121.144625,28.859042
331083,浙江省,台州市,玉环市,121.231915,28.136703
331102,浙江省,丽水市,莲都区,119.912266,28.4461
331121,浙江省,丽水市,青田县,120.289693,28.1396
331122,浙江省,丽水市,缙云县,120.091685,28.659294
331123,浙江省,丽水市,遂昌县,119.275865,28.592388
331124,浙江省,丽水市,松阳县,119.481406,28.448883
331125,浙江省,丽水市,云和县,119.573454,28.116024
331126,浙江省,丽水市,庆元县,119.062572,27.619213
331127,浙江省,丽水市,景宁畲族自治县,119.635686,27.973594
331181,浙江省,丽水市,龙泉市,119.14126,28.074916
340102,安徽省,合肥市,瑶海区,117.30944,31.858111
340103,安徽省,合肥市,庐阳区,117.265088,31.878722
340104,安徽省,合肥市,蜀山区,117.26053,31.851211
340111,安徽省,合肥市,包河区,117.310133,31.793801
340121,安徽省,合肥市,长丰县,117.167632,32.478347
340122,安徽省,合肥市,肥东县,117.4779,31.878601
340123,安徽省,合肥市,肥西县,117.158416,31.707006
340124,安徽省,合肥市,庐江县,117.288165,31.256978
340181,安徽省,合肥市,巢湖市,117.890236,31.624464
340202,安徽省,芜湖市,镜湖区,118.385133,31.34056
340207,安徽省,芜湖市,鸠江区,118.392337,31.369752
340209,安徽省,芜湖市,弋江区,118.372664,31.311421
340210,安徽省,芜湖市,湾沚区,118.576124,31.134809
340212,安徽省,芜湖市,繁昌区,118.198536,31.101766
340223,安徽省,芜湖市,南陵县,118.334083,30.914621
340281,安徽省,芜湖市,无为市,117.902265,31.304462
340302,安徽省,蚌埠市,龙子湖区,117.454544,32.90863
340303,安徽省,蚌埠市,蚌山区,117.373347,32.916393
340304,安徽省,蚌埠市,禹会区,117.34186,32.929715
340311,安徽省,蚌埠市,淮上区,117.359352,32.96557
340321,安徽省,蚌埠市,怀远县,117.205083,32.971543
340322,安徽省,蚌埠市,五河县,117.881312,33.126532
340323,安徽省,蚌埠市,固镇县,117.316585,33.318371
340402,安徽省,淮南市,大通区,117.053314,32.631519
340403,安徽省,淮南市,田家庵区,117.017263,32.647456
340404,安徽省,淮南市,谢家集区,116.860026,32.599173
340405,安徽省,淮南市,八公山区,116.832979,32.630922
340406,安徽省,淮南市,潘集区,116.834715,32.77208
340421,安徽省,淮南市,凤台县,116.710947,32.710536
340422,安徽省,淮南市,寿县,116.798203,32.545027
340503,安徽省,马鞍山市,花山区,118.511366,31.700127
340504,安徽省,马鞍山市,雨山区,118.498675,31.682374
340506,安徽省,马鞍山市,博望区,118.818276,31.55117
340521,安徽省,马鞍山市,当涂县,118.497873,31.570857
340522,安徽省,马鞍山市,含山县,118.101448,31.735559
340523,安徽省,马鞍山市,和县,118.353668,31.74248
340602,安徽省,淮北市,杜集区,116.827949,33.991412
340603,安徽省,淮北市,相山区,116.795233,33.959927
340604,安徽省,淮北市,烈山区,116.813221,33.895407
340621,安徽省,淮北市,濉溪县,116.76616,33.915612
340705,安徽省,铜陵市,铜官区,117.856541,30.936772
340706,安徽省,铜陵市,义安区,117.937405,30.950619
340711,安徽省,铜陵市,郊区,117.767919,30.821699
340722,安徽省,铜陵市,枞阳县,117.250191,30.705466
340802,安徽省,安庆市,迎江区,117.090878,30.512768
340803,安徽省,安庆市,大观区,117.013469,30.553697
340811,安徽省,安庆市,宜秀区,116.987469,30.613189
340822,安徽省,安庆市,怀宁县,116.829612,30.73484
340825,安徽省,安庆市,太湖县,116.30881,30.454198
340826,安徽省,安庆市,宿松县,116.134485,30.171663
340827,安徽省,安庆市,望江县,116.70641,30.128404
340828,安徽省,安庆市,岳西县,116.359732,30.849716
340881,安徽省,安庆市,桐城市,116.936588,31.035476
340882,安徽省,安庆市,潜山市,116.581224,30.631022
341002,安徽省,黄山市,屯溪区,118.315012,29.69655
341003,安徽省,黄山市,黄山区,118.141632,30.272991
341004,安徽省,黄山市,徽州区,118.336799,29.827291
341021,安徽省,黄山市,歙县,118.415258,29.861354
341022,安徽省,黄山市,休宁县,118.193533,29.784532
341023,安徽省,黄山市,黟县,117.938139,29.92477
341024,安徽省,黄山市,祁门县,117.717452,29.854179
341102,安徽省,滁州市,琅琊区,118.32115,32.334475
341103,安徽省,滁州市,南谯区,118.416715,32.200084
341122,安徽省,滁州市,来安县,118.432581,32.423072
341124,安徽省,滁州市,全椒县,118.274149,32.08593
341125,安徽省,滁州市,定远县,117.698528,32.530741
341126,安徽省,滁州市,凤阳县,117.531791,32.875714
341181,安徽省,滁州市,天长市,119.004838,32.667409
341182,安徽省,滁州市,明光市,118.018197,32.78193
341202,安徽省,阜阳市,颍州区,115.806916,32.883322
341203,安徽省,阜阳市,颍东区,115.856728,32.91173
341204,安徽省,阜阳市,颍泉区,115.807415,32.925461
341221,安徽省,阜阳市,临泉县,115.26312,33.038884
341222,安徽省,阜阳市,太和县,115.621941,33.160327
341225,安徽省,阜阳市,阜南县,115.596003,32.659681
341226,安徽省,阜阳市,颍上县,116.256772,32.653211
341282,安徽省,阜阳市,界首市,115.374688,33.257799
341302,安徽省,宿州市,埇桥区,116.977039,33.640205
341321,安徽省,宿州市,砀山县,116.366257,34.442139
341322,安徽省,宿州市,萧县,116.947289,34.18884
341323,安徽省,宿州市,灵璧县,117.549321,33.554464
341324,安徽省,宿州市,泗县,117.910277,33.483686
341502,安徽省,六安市,金安区,116.539458,31.75014
341503,安徽省,六安市,裕安区,116.479505,31.738789
341504,安徽省,六安市,叶集区,115.925271,31.863693
341522,安徽省,六安市,霍邱县,116.277966,32.353362
341523,安徽省,六安市,舒城县,116.94863,31.462036
341524,安徽省,六安市,金寨县,115.934253,31.727295
341525,安徽省,六安市,霍山县,116.348274,31.409668
341602,安徽省,亳州市,谯城区,115.779081,33.876436
341621,安徽省,亳州市,涡阳县,116.21665,33.494134
341622,安徽省,亳州市,蒙城县,116.56434,33.265671
341623,安徽省,亳州市,利辛县,116.206396,33.158424
341702,安徽省,池州市,贵池区,117.568087,30.688237
341721,安徽省,池州市,东至县,117.027533,30.111182
341722,安徽省,池州市,石台县,117.486211,30.210218
341723,安徽省,池州市,青阳县,117.847366,30.639006
341802,安徽省,宣城市,宣州区,118.786098,30.944356
341821,安徽省,宣城市,郎溪县,119.184326,31.142995
341823,安徽省,宣城市,泾县,118.419552,30.688793
341824,安徽省,宣城市,绩溪县,118.578519,30.067533
341825,安徽省,宣城市,旌德县,118.550043,30.298287
341881,安徽省,宣城市,宁国市,118.983085,30.634032
341882,安徽省,宣城市,广德市,119.420799,30.877608
350102,福建省,福州市,鼓楼区,119.304507,26.082666
350103,福建省,福州市,台江区,119.31419,26.052826
350104,福建省,福州市,仓山区,119.27322,26.047027
350105,福建省,福州市,马尾区,119.439259,25.998657
350111,福建省,福州市,晋安区,119.328591,26.081963
350112,福建省,福州市,长乐区,119.593579,25.888274
350121,福建省,福州市,闽侯县,119.131362,26.150428
350122,福建省,福州市,连江县,119.539542,26.197737
350123,福建省,福州市,罗源县,119.549129,26.490215
350124,福建省,福州市,闽清县,118.863334,26.221099
350125,福建省,福州市,永泰县,118.932746,25.867198
350128,福建省,福州市,平潭县,119.789893,25.498767
350181,福建省,福州市,福清市,119.384388,25.720081
350203,福建省,厦门市,思明区,118.082745,24.445676
350205,福建省,厦门市,海沧区,118.032883,24.484688
350206,福建省,厦门市,湖里区,118.146825,24.512858
350211,福建省,厦门市,集美区,118.097407,24.575976
350212,福建省,厦门市,同安区,118.150823,24.723299
350213,福建省,厦门市,翔安区,118.247911,24.618583
350302,福建省,莆田市,城厢区,118.994261,25.419062
350303,福建省,莆田市,涵江区,119.116173,25.459057
350304,福建省,莆田市,荔城区,119.014821,25.432268
350305,福建省,莆田市,秀屿区,119.105177,25.318649
350322,福建省,莆田市,仙游县,118.689745,25.373373
350404,福建省,三明市,三元区,117.646153,26.271653
350405,福建省,三明市,沙县区,117.792551,26.396843
350421,福建省,三明市,明溪县,117.202119,26.355938
350423,福建省,三明市,清流县,116.816772,26.177658
350424,福建省,三明市,宁化县,116.654369,26.262298
350425,福建省,三明市,大田县,117.846828,25.692535
350426,福建省,三明市,尤溪县,118.189772,26.168712
350428,福建省,三明市,将乐县,117.471127,26.728917
350429,福建省,三明市,泰宁县,117.175448,26.900244
350430,福建省,三明市,建宁县,116.848488,26.833566
350481,福建省,三明市,永安市,117.365046,25.941671
350502,福建省,泉州市,鲤城区,118.58652,24.908133
350503,福建省,泉州市,丰泽区,118.613007,24.890373
350504,福建省,泉州市,洛江区,118.671168,24.939319
350505,福建省,泉州市,泉港区,118.915804,25.120399
350521,福建省,泉州市,惠安县,118.781037,25.012449
350524,福建省,泉州市,安溪县,118.186295,25.056065
350525,福建省,泉州市,永春县,118.29416,25.321849
350526,福建省,泉州市,德化县,118.241104,25.492102
350527,福建省,泉州市,金门县,118.323912,24.434368
350581,福建省,泉州市,石狮市,118.647945,24.731969
350582,福建省,泉州市,晋江市,118.551659,24.781635
350583,福建省,泉州市,南安市,118.385929,24.960056
350602,福建省,漳州市,芗城区,117.653727,24.510937
350603,福建省,漳州市,龙文区,117.711188,24.503523
350604,福建省,漳州市,龙海区,117.818485,24.446839
350605,福建省,漳州市,长泰区,117.759119,24.625989
350622,福建省,漳州市,云霄县,117.334351,23.935433
350623,福建省,漳州市,漳浦县,117.613783,24.11741
350624,福建省,漳州市,诏安县,117.175314,23.711674
350626,福建省,漳州市,东山县,117.4295,23.702034
350627,福建省,漳州市,南靖县,117.357061,24.5151
350628,福建省,漳州市,平和县,117.314798,24.363831
350629,福建省,漳州市,华安县,117.53411,25.00445
350702,福建省,南平市,延平区,118.181806,26.637503
350703,福建省,南平市,建阳区,118.120392,27.331996
350721,福建省,南平市,顺昌县,117.809433,26.793455
350722,福建省,南平市,浦城县,118.541079,27.917804
350723,福建省,南平市,光泽县,117.333812,27.541061
350724,福建省,南平市,松溪县,118.785429,27.526028
350725,福建省,南平市,政和县,118.857703,27.366122
350781,福建省,南平市,邵武市,117.492778,27.340672
350782,福建省,南平市,武夷山市,118.035321,27.756422
350783,福建省,南平市,建瓯市,118.304712,27.023233
350802,福建省,龙岩市,新罗区,117.036816,25.098942
350803,福建省,龙岩市,永定区,116.732216,24.724148
350821,福建省,龙岩市,长汀县,116.357581,25.833531
350823,福建省,龙岩市,上杭县,116.419447,25.049867
350824,福建省,龙岩市,武平县,116.100216,25.096139
350825,福建省,龙岩市,连城县,116.754472,25.710538
350881,福建省,龙岩市,漳平市,117.419823,25.290481
350902,福建省,宁德市,蕉城区,119.526284,26.660658
350921,福建省,宁德市,霞浦县,120.005267,26.885971
350922,福建省,宁德市,古田县,118.74603,26.578134
350923,福建省,宁德市,屏南县,118.985759,26.908256
350924,福建省,宁德市,寿宁县,119.514589,27.45467
350925,福建省,宁德市,周宁县,119.338998,27.104797
350926,福建省,宁德市,柘荣县,119.900597,27.23421
350981,福建省,宁德市,福安市,119.647871,27.088274
350982,福建省,宁德市,福鼎市,120.216559,27.324796
360102,江西省,南昌市,东湖区,115.903576,28.698787
360103,江西省,南昌市,西湖区,115.876998,28.657005
360104,江西省,南昌市,青云谱区,115.925709,28.62182
360111,江西省,南昌市,青山湖区,115.962138,28.682867
360112,江西省,南昌市,新建区,115.815244,28.693192
360113,江西省,南昌市,红谷滩区,115.858127,28.698188
360121,江西省,南昌市,南昌县,115.93349,28.557921
360123,江西省,南昌市,安义县,115.549158,28.845585
360124,江西省,南昌市,进贤县,116.242468,28.377627
360202,江西省,景德镇市,昌江区,117.182648,29.273683
360203,江西省,景德镇市,珠山区,117.271365,29.305191
360222,江西省,景德镇市,浮梁县,117.214984,29.352493
360281,江西省,景德镇市,乐平市,117.151499,28.978521
360302,江西省,萍乡市,安源区,113.87072,27.615
360313,江西省,萍乡市,湘东区,113.733047,27.640075
360321,江西省,萍乡市,莲花县,113.961589,27.128498
360322,江西省,萍乡市,上栗县,113.795294,27.880221
360323,江西省,萍乡市,芦溪县,114.029351,27.631273
360402,江西省,九江市,濂溪区,115.992735,29.668008
360403,江西省,九江市,浔阳区,116.001677,29.70547
360404,江西省,九江市,柴桑区,115.911005,29.608775
360423,江西省,九江市,武宁县,115.092649,29.246785
360424,江西省,九江市,修水县,114.546536,29.026166
360425,江西省,九江市,永修县,115.83207,29.011392
360426,江西省,九江市,德安县,115.767114,29.298599
360428,江西省,九江市,都昌县,116.203999,29.273803
360429,江西省,九江市,湖口县,116.252206,29.731194
360430,江西省,九江市,彭泽县,116.563858,29.877404
360481,江西省,九江市,瑞昌市,115.681221,29.676026
360482,江西省,九江市,共青城市,115.784269,29.235082
360483,江西省,九江市,庐山市,116.045118,29.448225
360502,江西省,新余市,渝水区,114.944499,27.799526
360521,江西省,新余市,分宜县,114.69264,27.814723
360602,江西省,鹰潭市,月湖区,117.10247,28.266999
360603,江西省,鹰潭市,余江区,116.854576,28.199657
360681,江西省,鹰潭市,贵溪市,117.245178,28.292397
360702,江西省,赣州市,章贡区,114.920426,25.818247
360703,江西省,赣州市,南康区,114.765044,25.661369
360704,江西省,赣州市,赣县区,115.021196,25.854496
360722,江西省,赣州市,信丰县,114.922485,25.38676
360723,江西省,赣州市,大余县,114.362306,25.401968
360724,江西省,赣州市,上犹县,114.55177,25.784754
360725,江西省,赣州市,崇义县,114.308135,25.682278
360726,江西省,赣州市,安远县,115.393992,25.136855
360728,江西省,赣州市,定南县,115.027908,24.783372
360729,江西省,赣州市,全南县,114.530148,24.742353
360730,江西省,赣州市,宁都县,116.009171,26.470865
360731,江西省,赣州市,于都县,115.415145,25.952564
360732,江西省,赣州市,兴国县,115.363475,26.338129
360733,江西省,赣州市,会昌县,115.809271,25.58734
360734,江西省,赣州市,寻乌县,115.638534,24.969513
360735,江西省,赣州市,石城县,116.347611,26.31491
360781,江西省,赣州市,瑞金市,116.027114,25.88623
360783,江西省,赣州市,龙南市,114.804474,24.901216
360802,江西省,吉安市,吉州区,114.994991,27.144204
360803,江西省,吉安市,青原区,115.014836,27.082012
360821,江西省,吉安市,吉安县,114.908337,27.039866
360822,江西省,吉安市,吉水县,115.135963,27.229697
360823,江西省,吉安市,峡江县,115.316567,27.5829
360824,江西省,吉安市,新干县,115.386853,27.740368
360825,江西省,吉安市,永丰县,115.421599,27.317301
360826,江西省,吉安市,泰和县,114.922987,26.801687
360827,江西省,吉安市,遂川县,114.520825,26.313413
360828,江西省,吉安市,万安县,114.759746,26.456821
360829,江西省,吉安市,安福县,114.619818,27.393286
360830,江西省,吉安市,永新县,114.242425,26.945157
360881,江西省,吉安市,井冈山市,114.289563,26.748132
360902,江西省,宜春市,袁州区,114.42794,27.796344
360921,江西省,宜春市,奉新县,115.400624,28.688254
360922,江西省,宜春市,万载县,114.445477,28.106201
360923,江西省,宜春市,上高县,114.948045,28.238591
360924,江西省,宜春市,宜丰县,114.803036,28.394466
360925,江西省,宜春市,靖安县,115.362635,28.861296
360926,江西省,宜春市,铜鼓县,114.354623,28.513291
360981,江西省,宜春市,丰城市,115.771131,28.160053
360982,江西省,宜春市,樟树市,115.546174,28.054632
360983,江西省,宜春市,高安市,115.366863,28.448054
361002,江西省,抚州市,临川区,116.311932,27.935098
361003,江西省,抚州市,东乡区,116.603159,28.249059
361021,江西省,抚州市,南城县,116.637228,27.570031
361022,江西省,抚州市,黎川县,116.907446,27.282729
361023,江西省,抚州市,南丰县,116.525898,27.21845
361024,江西省,抚州市,崇仁县,116.076363,27.754416
361025,江西省,抚州市,乐安县,115.83099,27.428682
361026,江西省,抚州市,宜黄县,116.236174,27.554744
361027,江西省,抚州市,金溪县,116.755018,27.91973
361028,江西省,抚州市,资溪县,117.060332,27.706088
361030,江西省,抚州市,广昌县,116.336556,26.843974
361102,江西省,上饶市,信州区,117.965997,28.430694
361103,江西省,上饶市,广丰区,118.189729,28.463697
361104,江西省,上饶市,广信区,117.907454,28.448893
361123,江西省,上饶市,玉山县,118.244736,28.681936
361124,江西省,上饶市,铅山县,117.734742,28.298415
361125,江西省,上饶市,横峰县,117.596433,28.407116
361126,江西省,上饶市,弋阳县,117.449346,28.378039
361127,江西省,上饶市,余干县,116.695787,28.70283
361128,江西省,上饶市,鄱阳县,116.703731,29.005675
361129,江西省,上饶市,万年县,117.058445,28.694582
361130,江西省,上饶市,婺源县,117.861532,29.248491
361181,江西省,上饶市,德兴市,117.594549,28.930557
370102,山东省,济南市,历下区,117.07632,36.666395
370103,山东省,济南市,市中区,116.997472,36.651121
370104,山东省,济南市,槐荫区,116.901057,36.652264
370105,山东省,济南市,天桥区,116.987106,36.678665
370112,山东省,济南市,历城区,117.065233,36.680731
370113,山东省,济南市,长清区,116.752101,36.554251
370114,山东省,济南市,章丘区,117.526228,36.681258
370115,山东省,济南市,济阳区,117.173722,36.978299
370116,山东省,济南市,莱芜区,117.675828,36.214895
370117,山东省,济南市,钢城区,117.811604,36.059393
370124,山东省,济南市,平阴县,116.455865,36.289813
370126,山东省,济南市,商河县,117.157165,37.309694
370202,山东省,青岛市,市南区,120.412002,36.075867
370203,山东省,青岛市,市北区,120.374675,36.08765
370211,山东省,青岛市,黄岛区,120.19777,35.960688
370212,山东省,青岛市,崂山区,120.469282,36.107069
370213,山东省,青岛市,李沧区,120.432652,36.145987
370214,山东省,青岛市,城阳区,120.396255,36.307624
370215,山东省,青岛市,即墨区,120.447691,36.390217
370281,山东省,青岛市,胶州市,120.033382,36.26468
370283,山东省,青岛市,平度市,119.970192,36.753895
370285,山东省,青岛市,莱西市,120.517581,36.889167
370302,山东省,淄博市,淄川区,117.966978,36.644211
370303,山东省,淄博市,张店区,118.017877,36.807011
370304,山东省,淄博市,博山区,117.8627,36.495014
370305,山东省,淄博市,临淄区,118.309398,36.826882
370306,山东省,淄博市,周村区,117.869686,36.80309
370321,山东省,淄博市,桓台县,118.097923,36.959794
370322,山东省,淄博市,高青县,117.826743,37.171042
370323,山东省,淄博市,沂源县,118.170856,36.185402
370402,山东省,枣庄市,市中区,117.556125,34.863791
370403,山东省,枣庄市,薛城区,117.286371,34.783282
370404,山东省,枣庄市,峄城区,117.590738,34.772931
370405,山东省,枣庄市,台儿庄区,117.734287,34.563103
370406,山东省,枣庄市,山亭区,117.461866,35.099638
370481,山东省,枣庄市,滕州市,117.165881,35.11412
370502,山东省,东营市,东营区,118.582182,37.449035
370503,山东省,东营市,河口区,118.525519,37.886217
370505,山东省,东营市,垦利区,118.575234,37.573412
370522,山东省,东营市,利津县,118.255084,37.490919
370523,山东省,东营市,广饶县,118.419437,37.053915
370602,山东省,烟台市,芝罘区,121.400303,37.541312
370611,山东省,烟台市,福山区,121.267638,37.49833
370612,山东省,烟台市,牟平区,121.601015,37.387454
370613,山东省,烟台市,莱山区,121.444949,37.511322
370614,山东省,烟台市,蓬莱区,120.829141,37.795697
370681,山东省,烟台市,龙口市,120.47614,37.645281
370682,山东省,烟台市,莱阳市,120.711555,36.979757
370683,山东省,烟台市,莱州市,119.942057,37.178187
370685,山东省,烟台市,招远市,120.433904,37.354517
370686,山东省,烟台市,栖霞市,120.849595,37.335993
370687,山东省,烟台市,海阳市,121.173506,36.688316
370702,山东省,潍坊市,潍城区,119.02491,36.728077
370703,山东省,潍坊市,寒亭区,119.211251,36.755925
370704,山东省,潍坊市,坊子区,119.166343,36.653671
370705,山东省,潍坊市,奎文区,119.132288,36.707459
370724,山东省,潍坊市,临朐县,118.543274,36.51246
370725,山东省,潍坊市,昌乐县,118.841035,36.688035
370781,山东省,潍坊市,青州市,118.479637,36.685178
370782,山东省,潍坊市,诸城市,119.412992,36.009273
370783,山东省,潍坊市,寿光市,118.791062,36.857133
370784,山东省,潍坊市,安丘市,119.21892,36.479642
370785,山东省,潍坊市,高密市,119.80584,36.365658
370786,山东省,潍坊市,昌邑市,119.403185,36.843256
370811,山东省,济宁市,任城区,116.605763,35.444226
370812,山东省,济宁市,兖州区,116.78365,35.551938
370826,山东省,济宁市,微山县,117.129188,34.806657
370827,山东省,济宁市,鱼台县,116.650526,35.012706
370828,山东省,济宁市,金乡县,116.337271,35.073419
370829,山东省,济宁市,嘉祥县,116.342308,35.40794
370830,山东省,济宁市,汶上县,116.497277,35.711891
370831,山东省,济宁市,泗水县,117.250824,35.664719
370832,山东省,济宁市,梁山县,116.131779,35.765957
370881,山东省,济宁市,曲阜市,116.986212,35.581933
370883,山东省,济宁市,邹城市,117.007406,35.402536
370902,山东省,泰安市,泰山区,117.128828,36.194963
370911,山东省,泰安市,岱岳区,117.041651,36.188088
370921,山东省,泰安市,宁阳县,116.805578,35.758919
370923,山东省,泰安市,东平县,116.470211,35.937049
370982,山东省,泰安市,新泰市,117.768069,35.90953
370983,山东省,泰安市,肥城市,116.769098,36.181975
371002,山东省,威海市,环翠区,122.123115,37.501735
371003,山东省,威海市,文登区,122.08832,37.196032
371082,山东省,威海市,荣成市,122.487036,37.165698
371083,山东省,威海市,乳山市,121.539557,36.920329
371102,山东省,日照市,东港区,119.462287,35.426037
371103,山东省,日照市,岚山区,119.31881,35.121985
371121,山东省,日照市,五莲县,119.213673,35.760154
371122,山东省,日照市,莒县,118.869059,35.59125
371302,山东省,临沂市,兰山区,118.347332,35.052797
371311,山东省,临沂市,罗庄区,118.284693,34.997061
371312,山东省,临沂市,河东区,118.403073,35.088936
371321,山东省,临沂市,沂南县,118.465259,35.550078
371322,山东省,临沂市,郯城县,118.390701,34.619281
371323,山东省,临沂市,沂水县,118.628142,35.790919
371324,山东省,临沂市,兰陵县,118.070912,34.858235
371325,山东省,临沂市,费县,117.9776,35.265851
371326,山东省,临沂市,平邑县,117.615201,35.516849
371327,山东省,临沂市,莒南县,118.835166,35.206252
371328,山东省,临沂市,蒙阴县,117.953367,35.720128
371329,山东省,临沂市,临沭县,118.650828,34.920171
371402,山东省,德州市,德城区,116.299558,37.451051
371403,山东省,德州市,陵城区,116.576148,37.336444
371422,山东省,德州市,宁津县,116.800279,37.652456
371423,山东省,德州市,庆云县,117.384163,37.774376
371424,山东省,德州市,临邑县,116.866568,37.190139
371425,山东省,德州市,齐河县,116.762767,36.784164
371426,山东省,德州市,平原县,116.434016,37.165453
371427,山东省,德州市,夏津县,116.001796,36.948013
371428,山东省,德州市,武城县,116.069312,37.213398
371481,山东省,德州市,乐陵市,117.232085,37.729769
371482,山东省,德州市,禹城市,116.638558,36.934198
371502,山东省,聊城市,东昌府区,116.006399,36.412737
371503,山东省,聊城市,茌平区,116.254865,36.580814
371521,山东省,聊城市,阳谷县,115.791822,36.114392
371522,山东省,聊城市,莘县,115.669843,36.233711
371524,山东省,聊城市,东阿县,116.247655,36.335198
371525,山东省,聊城市,冠县,115.441684,36.484011
371526,山东省,聊城市,高唐县,116.230126,36.84715
371581,山东省,聊城市,临清市,115.704982,36.83828
371602,山东省,滨州市,滨城区,118.019567,37.431997
371603,山东省,滨州市,沾化区,118.098962,37.698952
371621,山东省,滨州市,惠民县,117.593744,37.47528
371622,山东省,滨州市,阳信县,117.603407,37.632773
371623,山东省,滨州市,无棣县,117.625846,37.770579
371625,山东省,滨州市,博兴县,118.110715,37.154529
371681,山东省,滨州市,邹平市,117.74313,36.863393
371702,山东省,菏泽市,牡丹区,115.417021,35.251911
371703,山东省,菏泽市,定陶区,115.583172,35.105742
371721,山东省,菏泽市,曹县,115.556393,34.85875
371722,山东省,菏泽市,单县,116.106396,34.779282
371723,山东省,菏泽市,成武县,115.889775,34.95278
371724,山东省,菏泽市,巨野县,116.062585,35.388543
371725,山东省,菏泽市,郓城县,115.938939,35.575276
371726,山东省,菏泽市,鄄城县,115.544507,35.534088
371728,山东省,菏泽市,东明县,115.107402,35.275664
410102,河南省,郑州市,中原区,113.612966,34.74828
410103,河南省,郑州市,二七区,113.640177,34.724138
410104,河南省,郑州市,管城回族区,113.677446,34.754436
410105,河南省,郑州市,金水区,113.6603,34.800415
410106,河南省,郑州市,上街区,113.309185,34.803514
410108,河南省,郑州市,惠济区,113.617055,34.867994
410122,河南省,郑州市,中牟县,113.975798,34.720535
410181,河南省,郑州市,巩义市,113.022354,34.748207
410182,河南省,郑州市,荥阳市,113.383385,34.7866
410183,河南省,郑州市,新密市,113.390932,34.540216
410184,河南省,郑州市,新郑市,113.74024,34.396479
410185,河南省,郑州市,登封市,113.05056,34.454877
410202,河南省,开封市,龙亭区,114.355378,34.815515
410203,河南省,开封市,顺河回族区,114.360824,34.795933
410204,河南省,开封市,鼓楼区,114.348356,34.788473
410205,河南省,开封市,禹王台区,114.348105,34.777052
410212,河南省,开封市,祥符区,114.441406,34.757546
410221,河南省,开封市,杞县,114.782629,34.549731
410222,河南省,开封市,通许县,114.47315,34.502053
410223,河南省,开封市,尉氏县,114.19305,34.411437
410225,河南省,开封市,兰考县,114.818228,34.856372
410302,河南省,洛阳市,老城区,112.469071,34.683645
410303,河南省,洛阳市,西工区,112.428183,34.659959
410304,河南省,洛阳市,瀍河回族区,112.500131,34.679773
410305,河南省,洛阳市,涧西区,112.395766,34.658177
410307,河南省,洛阳市,偃师区,112.789375,34.72715
410308,河南省,洛阳市,孟津区,112.44525,34.825587
410311,河南省,洛阳市,洛龙区,112.463833,34.619711
410323,河南省,洛阳市,新安县,112.13246,34.728909
410324,河南省,洛阳市,栾川县,111.615729,33.7857
410325,河南省,洛阳市,嵩县,112.085432,34.134639
410326,河南省,洛阳市,汝阳县,112.473013,34.154283
410327,河南省,洛阳市,宜阳县,112.179187,34.51462
410328,河南省,洛阳市,洛宁县,111.652958,34.389371
410329,河南省,洛阳市,伊川县,112.425751,34.421741
410402,河南省,平顶山市,新华区,113.296956,33.736486
410403,河南省,平顶山市,卫东区,113.335316,33.735388
410404,河南省,平顶山市,石龙区,112.898845,33.899247
410411,河南省,平顶山市,湛河区,113.320873,33.725681
410421,河南省,平顶山市,宝丰县,113.054538,33.869159
410422,河南省,平顶山市,叶县,113.357476,33.627437
410423,河南省,平顶山市,鲁山县,112.908052,33.738434
410425,河南省,平顶山市,郏县,113.21261,33.971787
410481,河南省,平顶山市,舞钢市,113.516427,33.314147
410482,河南省,平顶山市,汝州市,112.844696,34.16717
410502,河南省,安阳市,文峰区,114.356967,36.090593
410503,河南省,安阳市,北关区,114.355742,36.10766
410505,河南省,安阳市,殷都区,114.303454,36.109938
410506,河南省,安阳市,龙安区,114.301037,36.076937
410522,河南省,安阳市,安阳县,114.462953,36.09211
410523,河南省,安阳市,汤阴县,114.357686,35.925155
410526,河南省,安阳市,滑县,114.517977,35.576128
410527,河南省,安阳市,内黄县,114.90146,35.972016
410581,河南省,安阳市,林州市,113.819275,36.084127
410602,河南省,鹤壁市,鹤山区,114.163133,35.954647
410603,河南省,鹤壁市,山城区,114.184391,35.897862
410611,河南省,鹤壁市,淇滨区,114.298748,35.741763
410621,河南省,鹤壁市,浚县,114.550611,35.677249
410622,河南省,鹤壁市,淇县,114.208851,35.622571
410702,河南省,新乡市,红旗区,113.983358,35.306182
410703,河南省,新乡市,卫滨区,113.865666,35.301796
410704,河南省,新乡市,凤泉区,113.916183,35.384428
410711,河南省,新乡市,牧野区,113.908561,35.315614
410721,河南省,新乡市,新乡县,113.813884,35.170066
410724,河南省,新乡市,获嘉县,113.657551,35.260153
410725,河南省,新乡市,原阳县,113.939829,35.066873
410726,河南省,新乡市,延津县,114.205624,35.165876
410727,河南省,新乡市,封丘县,114.418907,35.041237
410781,河南省,新乡市,卫辉市,114.064584,35.398357
410782,河南省,新乡市,辉县市,113.80572,35.462964
410783,河南省,新乡市,长垣市,114.66885,35.201628
410802,河南省,焦作市,解放区,113.230555,35.240403
410803,河南省,焦作市,中站区,113.182847,35.237227
410804,河南省,焦作市,马村区,113.32212,35.257084
410811,河南省,焦作市,山阳区,113.254581,35.215054
410821,河南省,焦作市,修武县,113.447862,35.22286
410822,河南省,焦作市,博爱县,113.064701,35.170332
410823,河南省,焦作市,武陟县,113.401848,35.099458
410825,河南省,焦作市,温县,113.08067,34.93961
410882,河南省,焦作市,沁阳市,112.950873,35.087569
410883,河南省,焦作市,孟州市,112.791372,34.907229
410902,河南省,濮阳市,华龙区,115.074453,35.778289
410922,河南省,濮阳市,清丰县,115.104602,35.886694
410923,河南省,濮阳市,南乐县,115.205876,36.070219
410926,河南省,濮阳市,范县,115.504081,35.85302
410927,河南省,濮阳市,台前县,115.871671,35.970286
410928,河南省,濮阳市,濮阳县,115.029165,35.713113
411002,河南省,许昌市,魏都区,113.830826,34.047189
411003,河南省,许昌市,建安区,113.822869,34.124729
411024,河南省,许昌市,鄢陵县,114.177329,34.102985
411025,河南省,许昌市,襄城县,113.506904,33.851609
411081,河南省,许昌市,禹州市,113.488715,34.142442
411082,河南省,许昌市,长葛市,113.813972,34.195458
411102,河南省,漯河市,源汇区,113.984164,33.572319
411103,河南省,漯河市,郾城区,114.006596,33.587697
411104,河南省,漯河市,召陵区,114.093879,33.586509
411121,河南省,漯河市,舞阳县,113.609327,33.438259
411122,河南省,漯河市,临颍县,113.931121,33.828096
411202,河南省,三门峡市,湖滨区,111.188552,34.771296
411203,河南省,三门峡市,陕州区,111.103252,34.72066
411221,河南省,三门峡市,渑池县,111.761753,34.767937
411224,河南省,三门峡市,卢氏县,111.04522,34.051866
411281,河南省,三门峡市,义马市,111.874726,34.747563
411282,河南省,三门峡市,灵宝市,110.894225,34.517734
411302,河南省,南阳市,宛城区,112.539506,33.003564
411303,河南省,南阳市,卧龙区,112.528524,32.990313
411321,河南省,南阳市,南召县,112.429277,33.489804
411322,河南省,南阳市,方城县,113.012849,33.255387
411323,河南省,南阳市,西峡县,111.473644,33.307272
411324,河南省,南阳市,镇平县,112.234571,33.033826
411325,河南省,南阳市,内乡县,111.849354,33.044698
411326,河南省,南阳市,淅川县,111.490902,33.137831
411327,河南省,南阳市,社旗县,112.948183,33.056229
411328,河南省,南阳市,唐河县,112.80829,32.682464
411329,河南省,南阳市,新野县,112.3601,32.521282
411330,河南省,南阳市,桐柏县,113.428702,32.379164
411381,河南省,南阳市,邓州市,112.08745,32.687732
411402,河南省,商丘市,梁园区,115.613609,34.444519
411403,河南省,商丘市,睢阳区,115.653258,34.389048
411421,河南省,商丘市,民权县,115.175019,34.648384
411422,河南省,商丘市,睢县,115.071957,34.446572
411423,河南省,商丘市,宁陵县,115.314221,34.461226
411424,河南省,商丘市,柘城县,115.305182,34.092015
411425,河南省,商丘市,虞城县,115.828519,34.400868
411426,河南省,商丘市,夏邑县,116.131422,34.237801
411481,河南省,商丘市,永城市,116.449864,33.929927
411502,河南省,信阳市,浉河区,114.05867,32.116885
411503,河南省,信阳市,平桥区,114.125595,32.101005
411521,河南省,信阳市,罗山县,114.512838,32.20436
411522,河南省,信阳市,光山县,114.91934,32.010736
411523,河南省,信阳市,新县,114.879309,31.643914
411524,河南省,信阳市,商城县,115.406894,31.79832
411525,河南省,信阳市,固始县,115.654066,32.169239
411526,河南省,信阳市,潢川县,115.051683,32.131426
411527,河南省,信阳市,淮滨县,115.420101,32.474772
411528,河南省,信阳市,息县,114.740392,32.34312
411602,河南省,周口市,川汇区,114.650551,33.647679
411603,河南省,周口市,淮阳区,114.852604,33.731543
411621,河南省,周口市,扶沟县,114.394666,34.060062
411622,河南省,周口市,西华县,114.529709,33.768277
411623,河南省,周口市,商水县,114.608135,33.562072
411624,河南省,周口市,沈丘县,115.098541,33.409805
411625,河南省,周口市,郸城县,115.177141,33.64601
411627,河南省,周口市,太康县,114.837946,34.064513
411628,河南省,周口市,鹿邑县,115.484525,33.860698
411681,河南省,周口市,项城市,114.875128,33.465609
411702,河南省,驻马店市,驿城区,113.993753,32.97455
411721,河南省,驻马店市,西平县,114.021492,33.387658
411722,河南省,驻马店市,上蔡县,114.264381,33.262439
411723,河南省,驻马店市,平舆县,114.618537,32.96344
411724,河南省,驻马店市,正阳县,114.392774,32.605697
411725,河南省,驻马店市,确山县,114.016818,32.82134
411726,河南省,驻马店市,泌阳县,113.327144,32.723974
411727,河南省,驻马店市,汝南县,114.362477,33.006808
411728,河南省,驻马店市,遂平县,114.013323,33.146316
411729,河南省,驻马店市,新蔡县,114.965519,32.74488
419001000,河南省,济源市,济源市,112.602347,35.069057
420102,湖北省,武汉市,江岸区,114.282987,30.633093
420103,湖北省,武汉市,江汉区,114.270763,30.601129
420104,湖北省,武汉市,硚口区,114.214746,30.582559
420105,湖北省,武汉市,汉阳区,114.21859,30.554287
420106,湖北省,武汉市,武昌区,114.316464,30.55418
420107,湖北省,武汉市,青山区,114.385424,30.639842
420111,湖北省,武汉市,洪山区,114.342664,30.500642
420112,湖北省,武汉市,东西湖区,114.136295,30.620079
420113,湖北省,武汉市,汉南区,114.084582,30.308776
420114,湖北省,武汉市,蔡甸区,114.087279,30.536395
420115,湖北省,武汉市,江夏区,114.320884,30.37558
420116,湖北省,武汉市,黄陂区,114.375698,30.882305
420117,湖北省,武汉市,新洲区,114.801284,30.841304
420202,湖北省,黄石市,黄石港区,115.065653,30.223194
420203,湖北省,黄石市,西塞山区,115.110067,30.205114
420204,湖北省,黄石市,下陆区,114.960914,30.174148
420205,湖北省,黄石市,铁山区,114.891603,30.203152
420222,湖北省,黄石市,阳新县,115.215211,29.830236
420281,湖北省,黄石市,大冶市,114.98046,30.096263
420302,湖北省,十堰市,茅箭区,110.813478,32.591847
420303,湖北省,十堰市,张湾区,110.769132,32.652297
420304,湖北省,十堰市,郧阳区,110.812101,32.834847
420322,湖北省,十堰市,郧西县,110.426005,32.993095
420323,湖北省,十堰市,竹山县,110.229696,32.225039
420324,湖北省,十堰市,竹溪县,109.715322,32.318257
420325,湖北省,十堰市,房县,110.726754,32.04017
420381,湖北省,十堰市,丹江口市,111.513318,32.540287
420502,湖北省,宜昌市,西陵区,111.285696,30.710765
420503,湖北省,宜昌市,伍家岗区,111.360882,30.644048
420504,湖北省,宜昌市,点军区,111.268338,30.69343
420505,湖北省,宜昌市,猇亭区,111.434378,30.531133
420506,湖北省,宜昌市,夷陵区,111.326371,30.769875
420525,湖北省,宜昌市,远安县,111.640329,31.060904
420526,湖北省,宜昌市,兴山县,110.746831,31.348065
420527,湖北省,宜昌市,秭归县,110.97793,30.825882
420528,湖北省,宜昌市,长阳土家族自治县,111.20697,30.473038
420529,湖北省,宜昌市,五峰土家族自治县,111.07374,30.156741
420581,湖北省,宜昌市,宜都市,111.450128,30.378444
420582,湖北省,宜昌市,当阳市,111.78836,30.820893
420583,湖北省,宜昌市,枝江市,111.760616,30.425758
420602,湖北省,襄阳市,襄城区,112.134025,32.009932
420606,湖北省,襄阳市,樊城区,112.135241,32.045065
420607,湖北省,襄阳市,襄州区,112.211365,32.088651
420624,湖北省,襄阳市,南漳县,111.838997,31.774649
420625,湖北省,襄阳市,谷城县,111.653077,32.26339
420626,湖北省,襄阳市,保康县,111.261308,31.87831
420682,湖北省,襄阳市,老河口市,111.683861,32.359068
420683,湖北省,襄阳市,枣阳市,112.772723,32.128968
420684,湖北省,襄阳市,宜城市,112.256486,31.720278
420702,湖北省,鄂州市,梁子湖区,114.684805,30.100146
420703,湖北省,鄂州市,华容区,114.729945,30.53515
420704,湖北省,鄂州市,鄂城区,114.89157,30.400535
420802,湖北省,荆门市,东宝区,112.201657,31.05187
420804,湖北省,荆门市,掇刀区,112.2079,30.973397
420822,湖北省,荆门市,沙洋县,112.588675,30.709167
420881,湖北省,荆门市,钟祥市,112.588801,31.167006
420882,湖北省,荆门市,京山市,113.119561,31.018414
420902,湖北省,孝感市,孝南区,113.910769,30.91695
420921,湖北省,孝感市,孝昌县,113.997794,31.258225
420922,湖北省,孝感市,大悟县,114.127122,31.561179
420923,湖北省,孝感市,云梦县,113.752958,31.021736
420981,湖北省,孝感市,应城市,113.571864,30.928592
420982,湖北省,孝感市,安陆市,113.688955,31.25565
420984,湖北省,孝感市,汉川市,113.838068,30.673219
421002,湖北省,荆州市,沙市区,112.251975,30.326693
421003,湖北省,荆州市,荆州区,112.190282,30.352984
421022,湖北省,荆州市,公安县,112.229742,30.058519
421024,湖北省,荆州市,江陵县,112.424581,30.042227
421081,湖北省,荆州市,石首市,112.42538,29.720944
421083,湖北省,荆州市,洪湖市,113.475984,29.827256
421087,湖北省,荆州市,松滋市,111.756455,30.174717
421088,湖北省,荆州市,监利市,112.904634,29.840229
421102,湖北省,黄冈市,黄州区,114.880104,30.434354
421121,湖北省,黄冈市,团风县,114.872364,30.643225
421122,湖北省,黄冈市,红安县,114.618134,31.288167
421123,湖北省,黄冈市,罗田县,115.399149,30.783047
421124,湖北省,黄冈市,英山县,115.680953,30.734989
421125,湖北省,黄冈市,浠水县,115.265155,30.452212
421126,湖北省,黄冈市,蕲春县,115.436423,30.226146
421127,湖北省,黄冈市,黄梅县,115.944219,30.070453
421181,湖北省,黄冈市,麻城市,115.008011,31.172917
421182,湖北省,黄冈市,武穴市,115.595451,29.869602
421202,湖北省,咸宁市,咸安区,114.299002,29.852726
421221,湖北省,咸宁市,嘉鱼县,113.939249,29.970575
421222,湖北省,咸宁市,通城县,113.816811,29.2454
421223,湖北省,咸宁市,崇阳县,114.039484,29.556866
421224,湖北省,咸宁市,通山县,114.482832,29.606468
421281,湖北省,咸宁市,赤壁市,113.900385,29.725122
421303,湖北省,随州市,曾都区,113.371052,31.716423
421321,湖北省,随州市,随县,113.29097,31.883233
421381,湖北省,随州市,广水市,113.825977,31.617015
422801,湖北省,恩施土家族苗族自治州,恩施市,109.479572,30.295148
422802,湖北省,恩施土家族苗族自治州,利川市,108.936456,30.290974
422822,湖北省,恩施土家族苗族自治州,建始县,109.722333,30.602195
422823,湖北省,恩施土家族苗族自治州,巴东县,110.340921,31.042854
422825,湖北省,恩施土家族苗族自治州,宣恩县,109.489918,29.986856
422826,湖北省,恩施土家族苗族自治州,咸丰县,109.140163,29.665215
422827,湖北省,恩施土家族苗族自治州,来凤县,109.407697,29.493474
422828,湖北省,恩施土家族苗族自治州,鹤峰县,110.034011,29.890073
429004000,湖北省,仙桃市,仙桃市,113.442973,30.328407
429005000,湖北省,潜江市,潜江市,112.900279,30.401954
429006000,湖北省,天门市,天门市,113.166545,30.663706
429021000,湖北省,神农架林区,神农架林区,110.675879,31.745103
430102,湖南省,长沙市,芙蓉区,113.032605,28.185351
430103,湖南省,长沙市,天心区,112.98978,28.114544
430104,湖南省,长沙市,岳麓区,112.930116,28.234202
430105,湖南省,长沙市,开福区,112.985284,28.257286
430111,湖南省,长沙市,雨花区,113.03853,28.135795
430112,湖南省,长沙市,望城区,112.83125,28.353221
430121,湖南省,长沙市,长沙县,113.080555,28.246821
430181,湖南省,长沙市,浏阳市,113.64328,28.163866
430182,湖南省,长沙市,宁乡市,112.551887,28.277709
430202,湖南省,株洲市,荷塘区,113.173169,27.856314
430203,湖南省,株洲市,芦淞区,113.153455,27.785198
430204,湖南省,株洲市,石峰区,113.117763,27.875513
430211,湖南省,株洲市,天元区,113.082227,27.826738
430212,湖南省,株洲市,渌口区,113.143832,27.699361
430223,湖南省,株洲市,攸县,113.397152,27.01516
430224,湖南省,株洲市,茶陵县,113.537907,26.777957
430225,湖南省,株洲市,炎陵县,113.772665,26.489847
430281,湖南省,株洲市,醴陵市,113.497119,27.6457
430302,湖南省,湘潭市,雨湖区,112.907334,27.856115
430304,湖南省,湘潭市,岳塘区,112.969444,27.872013
430321,湖南省,湘潭市,湘潭县,112.950767,27.779669
430381,湖南省,湘潭市,湘乡市,112.550268,27.718655
430382,湖南省,湘潭市,韶山市,112.525364,27.914796
430405,湖南省,衡阳市,珠晖区,112.620653,26.894796
430406,湖南省,衡阳市,雁峰区,112.613914,26.840335
430407,湖南省,衡阳市,石鼓区,112.597937,26.944257
430408,湖南省,衡阳市,蒸湘区,112.567333,26.912388
430412,湖南省,衡阳市,南岳区,112.737678,27.231846
430421,湖南省,衡阳市,衡阳县,112.370649,26.970258
430422,湖南省,衡阳市,衡南县,112.677572,26.739665
430423,湖南省,衡阳市,衡山县,112.868361,27.230225
430424,湖南省,衡阳市,衡东县,112.953113,27.081086
430426,湖南省,衡阳市,祁东县,112.090319,26.799284
430481,湖南省,衡阳市,耒阳市,112.859806,26.422149
430482,湖南省,衡阳市,常宁市,112.399894,26.421717
430502,湖南省,邵阳市,双清区,111.496946,27.232286
430503,湖南省,邵阳市,大祥区,111.438892,27.222078
430511,湖南省,邵阳市,北塔区,111.451988,27.246244
430522,湖南省,邵阳市,新邵县,111.458656,27.320917
430523,湖南省,邵阳市,邵阳县,111.273872,26.990785
430524,湖南省,邵阳市,隆回县,111.032437,27.113978
430525,湖南省,邵阳市,洞口县,110.575962,27.060274
430527,湖南省,邵阳市,绥宁县,110.155532,26.582027
430528,湖南省,邵阳市,新宁县,110.857294,26.432913
430529,湖南省,邵阳市,城步苗族自治县,110.322239,26.390598
430581,湖南省,邵阳市,武冈市,110.632286,26.727414
430582,湖南省,邵阳市,邵东市,111.744268,27.259812
430602,湖南省,岳阳市,岳阳楼区,113.129362,29.371356
430603,湖南省,岳阳市,云溪区,113.272312,29.472745
430611,湖南省,岳阳市,君山区,113.006434,29.461017
430621,湖南省,岳阳市,岳阳县,113.116152,29.144681
430623,湖南省,岳阳市,华容县,112.540448,29.530775
430624,湖南省,岳阳市,湘阴县,112.909248,28.690123
430626,湖南省,岳阳市,平江县,113.581296,28.702018
430681,湖南省,岳阳市,汨罗市,113.067097,28.806937
430682,湖南省,岳阳市,临湘市,113.450461,29.476687
430702,湖南省,常德市,武陵区,111.683043,29.055332
430703,湖南省,常德市,鼎城区,111.679896,29.017596
430721,湖南省,常德市,安乡县,112.171107,29.41131
430722,湖南省,常德市,汉寿县,111.970725,28.906063
430723,湖南省,常德市,澧县,111.758806,29.633138
430724,湖南省,常德市,临澧县,111.647547,29.440813
430725,湖南省,常德市,桃源县,111.488985,28.90232
430726,湖南省,常德市,石门县,111.380056,29.584344
430781,湖南省,常德市,津市市,111.877957,29.606512
430802,湖南省,张家界市,永定区,110.537379,29.119662
430811,湖南省,张家界市,武陵源区,110.550309,29.345721
430821,湖南省,张家界市,慈利县,111.139424,29.430429
430822,湖南省,张家界市,桑植县,110.204804,29.414112
430902,湖南省,益阳市,资阳区,112.324286,28.59149
430903,湖南省,益阳市,赫山区,112.373895,28.58011
430921,湖南省,益阳市,南县,112.396323,29.362396
430922,湖南省,益阳市,桃江县,112.156432,28.518215
430923,湖南省,益阳市,安化县,111.213296,28.374223
430981,湖南省,益阳市,沅江市,112.354657,28.845755
431002,湖南省,郴州市,北湖区,113.010606,25.784632
431003,湖南省,郴州市,苏仙区,113.042364,25.799624
431021,湖南省,郴州市,桂阳县,112.733804,25.75382
431022,湖南省,郴州市,宜章县,112.948806,25.40059
431023,湖南省,郴州市,永兴县,113.116587,26.127155
431024,湖南省,郴州市,嘉禾县,112.379216,25.616025
431025,湖南省,郴州市,临武县,112.563833,25.276459
431026,湖南省,郴州市,汝城县,113.685193,25.533024
431027,湖南省,郴州市,桂东县,113.944792,26.077609
431028,湖南省,郴州市,安仁县,113.269703,26.708569
431081,湖南省,郴州市,资兴市,113.235841,25.977226
431102,湖南省,永州市,零陵区,111.629806,26.222278
431103,湖南省,永州市,冷水滩区,111.592373,26.461313
431122,湖南省,永州市,东安县,111.315893,26.392173
431123,湖南省,永州市,双牌县,111.659967,25.961909
431124,湖南省,永州市,道县,111.600866,25.526282
431125,湖南省,永州市,江永县,111.343543,25.274461
431126,湖南省,永州市,宁远县,111.945925,25.570817
431127,湖南省,永州市,蓝山县,112.195842,25.369575
431128,湖南省,永州市,新田县,112.203396,25.903965
431129,湖南省,永州市,江华瑶族自治县,111.57951,25.185257
431181,湖南省,永州市,祁阳市,111.840253,26.580292
431202,湖南省,怀化市,鹤城区,110.040099,27.578581
431221,湖南省,怀化市,中方县,109.945436,27.440554
431222,湖南省,怀化市,沅陵县,110.393782,28.452103
431223,湖南省,怀化市,辰溪县,110.183159,28.006235
431224,湖南省,怀化市,溆浦县,110.594419,27.908869
431225,湖南省,怀化市,会同县,109.734724,26.887156
431226,湖南省,怀化市,麻阳苗族自治县,109.817703,27.857666
431227,湖南省,怀化市,新晃侗族自治县,109.174808,27.352094
431228,湖南省,怀化市,芷江侗族自治县,109.684696,27.443429
431229,湖南省,怀化市,靖州苗族侗族自治县,109.696249,26.575111
431230,湖南省,怀化市,通道侗族自治县,109.784409,26.158032
431281,湖南省,怀化市,洪江市,109.836475,27.209385
431302,湖南省,娄底市,娄星区,112.001922,27.730208
431321,湖南省,娄底市,双峰县,112.174265,27.457996
431322,湖南省,娄底市,新化县,111.327674,27.725416
431381,湖南省,娄底市,冷水江市,111.459199,27.656017
431382,湖南省,娄底市,涟源市,111.663837,27.693813
433101,湖南省,湘西土家族苗族自治州,吉首市,109.698348,28.261948
433122,湖南省,湘西土家族苗族自治州,泸溪县,110.219619,28.216109
433123,湖南省,湘西土家族苗族自治州,凤凰县,109.580815,27.957441
433124,湖南省,湘西土家族苗族自治州,花垣县,109.482378,28.57191
433125,湖南省,湘西土家族苗族自治州,保靖县,109.660433,28.699939
433126,湖南省,湘西土家族苗族自治州,古丈县,109.95072,28.616971
433127,湖南省,湘西土家族苗族自治州,永顺县,109.857142,28.979819
433130,湖南省,湘西土家族苗族自治州,龙山县,109.443974,29.457623
440103,广东省,广州市,荔湾区,113.218998,23.107123
440104,广东省,广州市,越秀区,113.267065,23.128673
440105,广东省,广州市,海珠区,113.317412,23.084003
440106,广东省,广州市,天河区,113.361597,23.124817
440111,广东省,广州市,白云区,113.2732,23.157159
440112,广东省,广州市,黄埔区,113.480613,23.181355
440113,广东省,广州市,番禺区,113.383917,22.93756
440114,广东省,广州市,花都区,113.220125,23.404326
440115,广东省,广州市,南沙区,113.525178,22.801435
440117,广东省,广州市,从化区,113.586329,23.54915
440118,广东省,广州市,增城区,113.810734,23.261452
440203,广东省,韶关市,武江区,113.58792,24.7929
440204,广东省,韶关市,浈江区,113.611077,24.804898
440205,广东省,韶关市,曲江区,113.604591,24.682826
440222,广东省,韶关市,始兴县,114.061998,24.953908
440224,广东省,韶关市,仁化县,113.749175,25.085764
440229,广东省,韶关市,翁源县,114.129986,24.350581
440232,广东省,韶关市,乳源瑶族自治县,113.275875,24.775856
440233,广东省,韶关市,新丰县,114.206641,24.059909
440281,广东省,韶关市,乐昌市,113.347669,25.129892
440282,广东省,韶关市,南雄市,114.31184,25.117653
440303,广东省,深圳市,罗湖区,114.131611,22.548309
440304,广东省,深圳市,福田区,114.055198,22.520922
440305,广东省,深圳市,南山区,113.930478,22.533191
440306,广东省,深圳市,宝安区,113.883831,22.554986
440307,广东省,深圳市,龙岗区,114.246884,22.720889
440308,广东省,深圳市,盐田区,114.236739,22.557001
440309,广东省,深圳市,龙华区,114.04491,22.696735
440310,广东省,深圳市,坪山区,114.350844,22.708786
440311,广东省,深圳市,光明区,113.94733,22.744136
440402,广东省,珠海市,香洲区,113.543372,22.265635
440403,广东省,珠海市,斗门区,113.296228,22.209134
440404,广东省,珠海市,金湾区,113.363224,22.146717
440507,广东省,汕头市,龙湖区,116.716464,23.372211
440511,广东省,汕头市,金平区,116.70341,23.365716
440512,广东省,汕头市,濠江区,116.726701,23.286605
440513,广东省,汕头市,潮阳区,116.601677,23.264923
440514,广东省,汕头市,潮南区,116.439105,23.239196
440515,广东省,汕头市,澄海区,116.755945,23.466314
440523,广东省,汕头市,南澳县,117.023482,23.421658
440604,广东省,佛山市,禅城区,113.122532,23.009475
440605,广东省,佛山市,南海区,113.143246,23.028875
440606,广东省,佛山市,顺德区,113.293197,22.805413
440607,广东省,佛山市,三水区,112.897271,23.156675
440608,广东省,佛山市,高明区,112.892573,22.900047
440703,广东省,江门市,蓬江区,113.078914,22.595285
440704,广东省,江门市,江海区,113.111029,22.561301
440705,广东省,江门市,新会区,113.034454,22.458519
440781,广东省,江门市,台山市,112.793812,22.251947
440783,广东省,江门市,开平市,112.698113,22.377378
440784,广东省,江门市,鹤山市,112.964203,22.765912
440785,广东省,江门市,恩平市,112.304904,22.183743
440802,广东省,湛江市,赤坎区,110.365592,21.265948
440803,广东省,湛江市,霞山区,110.397721,21.192463
440804,广东省,湛江市,坡头区,110.455192,21.244405
440811,广东省,湛江市,麻章区,110.333833,21.26437
440823,广东省,湛江市,遂溪县,110.25043,21.378371
440825,广东省,湛江市,徐闻县,110.17595,20.325969
440881,广东省,湛江市,廉江市,110.286109,21.609988
440882,广东省,湛江市,雷州市,110.097011,20.914548
440883,广东省,湛江市,吴川市,110.779361,21.440763
440902,广东省,茂名市,茂南区,110.918566,21.641661
440904,广东省,茂名市,电白区,111.013368,21.513946
440981,广东省,茂名市,高州市,110.85402,21.919654
440982,广东省,茂名市,化州市,110.639581,21.664483
440983,广东省,茂名市,信宜市,110.946866,22.354887
441202,广东省,肇庆市,端州区,112.485577,23.051847
441203,广东省,肇庆市,鼎湖区,112.56738,23.159062
441204,广东省,肇庆市,高要区,112.458055,23.02474
441223,广东省,肇庆市,广宁县,112.440694,23.634808
441224,广东省,肇庆市,怀集县,112.166908,23.920806
441225,广东省,肇庆市,封开县,111.512177,23.423928
441226,广东省,肇庆市,德庆县,111.785544,23.145035
441284,广东省,肇庆市,四会市,112.734309,23.326991
441302,广东省,惠州市,惠城区,114.382526,23.084657
441303,广东省,惠州市,惠阳区,114.456107,22.789431
441322,广东省,惠州市,博罗县,114.289602,23.172587
441323,广东省,惠州市,惠东县,114.720136,22.984831
441324,广东省,惠州市,龙门县,114.254898,23.727873
441402,广东省,梅州市,梅江区,116.116686,24.31065
441403,广东省,梅州市,梅县区,116.081395,24.266191
441422,广东省,梅州市,大埔县,116.694825,24.347037
441423,广东省,梅州市,丰顺县,116.181895,23.739364
441424,广东省,梅州市,五华县,115.775751,23.932568
441426,广东省,梅州市,平远县,115.891235,24.566928
441427,广东省,梅州市,蕉岭县,116.171477,24.658963
441481,广东省,梅州市,兴宁市,115.731133,24.137296
441502,广东省,汕尾市,城区,115.36522,22.779204
441521,广东省,汕尾市,海丰县,115.322974,22.967212
441523,广东省,汕尾市,陆河县,115.659978,23.301557
441581,广东省,汕尾市,陆丰市,115.652142,22.91874
441602,广东省,河源市,源城区,114.703305,23.734055
441621,广东省,河源市,紫金县,115.183814,23.635597
441622,广东省,河源市,龙川县,115.26002,24.100599
441623,广东省,河源市,连平县,114.488358,24.369552
441624,广东省,河源市,和平县,114.935634,24.469177
441625,广东省,河源市,东源县,114.7466,23.790079
441702,广东省,阳江市,江城区,111.95486,21.862451
441704,广东省,阳江市,阳东区,112.005586,21.869081
441721,广东省,阳江市,阳西县,111.617696,21.753935
441781,广东省,阳江市,阳春市,111.791587,22.17041
441802,广东省,清远市,清城区,113.062612,23.697889
441803,广东省,清远市,清新区,113.017747,23.734677
441821,广东省,清远市,佛冈县,113.531559,23.879455
441823,广东省,清远市,阳山县,112.641199,24.465234
441825,广东省,清远市,连山壮族瑶族自治县,112.093726,24.570553
441826,广东省,清远市,连南瑶族自治县,112.287212,24.725953
441881,广东省,清远市,英德市,113.401827,24.20716
441882,广东省,清远市,连州市,112.377255,24.780873
441900,广东省,东莞市,东莞市,113.751884,23.021016
442000,广东省,中山市,中山市,113.392517,22.517024
445102,广东省,潮州市,湘桥区,116.628343,23.675104
445103,广东省,潮州市,潮安区,116.676971,23.463598
445122,广东省,潮州市,饶平县,117.0045,23.663294
445202,广东省,揭阳市,榕城区,116.36714,23.525918
445203,广东省,揭阳市,揭东区,116.411928,23.567252
445222,广东省,揭阳市,揭西县,115.841742,23.431314
445224,广东省,揭阳市,惠来县,116.295038,23.033889
445281,广东省,揭阳市,普宁市,116.165646,23.297742
445302,广东省,云浮市,云城区,112.043945,22.92815
445303,广东省,云浮市,云安区,112.002947,23.070334
445321,广东省,云浮市,新兴县,112.225174,22.695915
445322,广东省,云浮市,郁南县,111.535387,23.234561
445381,广东省,云浮市,罗定市,111.569788,22.768345
450102,广西壮族自治区,南宁市,兴宁区,108.368071,22.85354
450103,广西壮族自治区,南宁市,青秀区,108.495204,22.785833
450105,广西壮族自治区,南宁市,江南区,108.273206,22.781166
450107,广西壮族自治区,南宁市,西乡塘区,108.31344,22.833852
450108,广西壮族自治区,南宁市,良庆区,108.393889,22.753613
450109,广西壮族自治区,南宁市,邕宁区,108.487438,22.758633
450110,广西壮族自治区,南宁市,武鸣区,108.274869,23.159257
450123,广西壮族自治区,南宁市,隆安县,107.695721,23.166356
450124,广西壮族自治区,南宁市,马山县,108.177764,23.708448
450125,广西壮族自治区,南宁市,上林县,108.605089,23.432451
450126,广西壮族自治区,南宁市,宾阳县,108.810336,23.217771
450181,广西壮族自治区,南宁市,横州市,109.262448,22.681257
450202,广西壮族自治区,柳州市,城中区,109.427398,24.366964
450203,广西壮族自治区,柳州市,鱼峰区,109.452781,24.318276
450204,广西壮族自治区,柳州市,柳南区,109.385504,24.336229
450205,广西壮族自治区,柳州市,柳北区,109.402009,24.362611
450206,广西壮族自治区,柳州市,柳江区,109.326365,24.255644
450222,广西壮族自治区,柳州市,柳城县,109.244565,24.649989
450223,广西壮族自治区,柳州市,鹿寨县,109.750527,24.472897
450224,广西壮族自治区,柳州市,融安县,109.397538,25.224549
450225,广西壮族自治区,柳州市,融水苗族自治县,109.256609,25.066624
450226,广西壮族自治区,柳州市,三江侗族自治县,109.607675,25.783197
450302,广西壮族自治区,桂林市,秀峰区,110.264102,25.273954
450303,广西壮族自治区,桂林市,叠彩区,110.301489,25.314158
450304,广西壮族自治区,桂林市,象山区,110.281223,25.261585
450305,广西壮族自治区,桂林市,七星区,110.317576,25.253093
450311,广西壮族自治区,桂林市,雁山区,110.286611,25.101798
450312,广西壮族自治区,桂林市,临桂区,110.212425,25.238556
450321,广西壮族自治区,桂林市,阳朔县,110.496305,24.778785
450323,广西壮族自治区,桂林市,灵川县,110.319837,25.3948
450324,广西壮族自治区,桂林市,全州县,111.087089,25.94939
450325,广西壮族自治区,桂林市,兴安县,110.672013,25.612576
450326,广西壮族自治区,桂林市,永福县,109.987507,24.974409
450327,广西壮族自治区,桂林市,灌阳县,111.160764,25.489419
450328,广西壮族自治区,桂林市,龙胜各族自治县,110.011662,25.79803
450329,广西壮族自治区,桂林市,资源县,110.652612,26.042452
450330,广西壮族自治区,桂林市,平乐县,110.632867,24.622814
450332,广西壮族自治区,桂林市,恭城瑶族自治县,110.82841,24.831581
450381,广西壮族自治区,桂林市,荔浦市,110.395232,24.48843
450403,广西壮族自治区,梧州市,万秀区,111.318065,23.470543
450405,广西壮族自治区,梧州市,长洲区,111.274276,23.486279
450406,广西壮族自治区,梧州市,龙圩区,111.247514,23.414869
450421,广西壮族自治区,梧州市,苍梧县,111.547244,23.868208
450422,广西壮族自治区,梧州市,藤县,110.914606,23.375538
450423,广西壮族自治区,梧州市,蒙山县,110.525003,24.193567
450481,广西壮族自治区,梧州市,岑溪市,110.994955,22.918327
450502,广西壮族自治区,北海市,海城区,109.117256,21.474914
450503,广西壮族自治区,北海市,银海区,109.139689,21.449729
450512,广西壮族自治区,北海市,铁山港区,109.422099,21.529878
450521,广西壮族自治区,北海市,合浦县,109.207236,21.66132
450602,广西壮族自治区,防城港市,港口区,108.380273,21.643426
450603,广西壮族自治区,防城港市,防城区,108.353978,21.768826
450621,广西壮族自治区,防城港市,上思县,107.983627,22.153671
450681,广西壮族自治区,防城港市,东兴市,107.971828,21.547821
450702,广西壮族自治区,钦州市,钦南区,108.657427,21.940438
450703,广西壮族自治区,钦州市,钦北区,108.638738,22.0024
450721,广西壮族自治区,钦州市,灵山县,109.290698,22.416671
450722,广西壮族自治区,钦州市,浦北县,109.556232,22.271902
450802,广西壮族自治区,贵港市,港北区,109.572227,23.11136
450803,广西壮族自治区,贵港市,港南区,109.599357,23.075816
450804,广西壮族自治区,贵港市,覃塘区,109.452668,23.127405
450821,广西壮族自治区,贵港市,平南县,110.392489,23.540413
450881,广西壮族自治区,贵港市,桂平市,110.079315,23.394208
450902,广西壮族自治区,玉林市,玉州区,110.150717,22.628476
450903,广西壮族自治区,玉林市,福绵区,110.059564,22.585316
450921,广西壮族自治区,玉林市,容县,110.558093,22.85844
450922,广西壮族自治区,玉林市,陆川县,110.26412,22.321563
450923,广西壮族自治区,玉林市,博白县,109.975856,22.273539
450924,广西壮族自治区,玉林市,兴业县,109.875223,22.736395
450981,广西壮族自治区,玉林市,北流市,110.353765,22.708415
451002,广西壮族自治区,百色市,右江区,106.618151,23.900804
451003,广西壮族自治区,百色市,田阳区,106.915424,23.735631
451022,广西壮族自治区,百色市,田东县,107.125609,23.596706
451024,广西壮族自治区,百色市,德保县,106.615087,23.324084
451026,广西壮族自治区,百色市,那坡县,105.83234,23.387997
451027,广西壮族自治区,百色市,凌云县,106.56114,24.347444
451028,广西壮族自治区,百色市,乐业县,106.556564,24.776812
451029,广西壮族自治区,百色市,田林县,106.22874,24.294627
451030,广西壮族自治区,百色市,西林县,105.097229,24.50762
451031,广西壮族自治区,百色市,隆林各族自治县,105.343816,24.770649
451081,广西壮族自治区,百色市,靖西市,106.417666,23.134375
451082,广西壮族自治区,百色市,平果市,107.589768,23.329815
451102,广西壮族自治区,贺州市,八步区,111.552029,24.411822
451103,广西壮族自治区,贺州市,平桂区,111.479839,24.453094
451121,广西壮族自治区,贺州市,昭平县,110.811158,24.169675
451122,广西壮族自治区,贺州市,钟山县,111.303085,24.526041
451123,广西壮族自治区,贺州市,富川瑶族自治县,111.296012,24.811601
451202,广西壮族自治区,河池市,金城江区,108.085166,24.692865
451203,广西壮族自治区,河池市,宜州区,108.611303,24.500981
451221,广西壮族自治区,河池市,南丹县,107.540578,24.975066
451222,广西壮族自治区,河池市,天峨县,107.172287,24.999181
451223,广西壮族自治区,河池市,凤山县,107.042157,24.546913
451224,广西壮族自治区,河池市,东兰县,107.374259,24.510698
451225,广西壮族自治区,河池市,罗城仫佬族自治县,108.904613,24.777501
451226,广西壮族自治区,河池市,环江毛南族自治县,108.258426,24.825923
451227,广西壮族自治区,河池市,巴马瑶族自治县,107.258671,24.142216
451228,广西壮族自治区,河池市,都安瑶族自治县,108.105229,23.932704
451229,广西壮族自治区,河池市,大化瑶族自治县,107.998151,23.735699
451302,广西壮族自治区,来宾市,兴宾区,109.183284,23.727647
451321,广西壮族自治区,来宾市,忻城县,108.665641,24.066176
451322,广西壮族自治区,来宾市,象州县,109.704852,23.973832
451323,广西壮族自治区,来宾市,武宣县,109.663153,23.594444
451324,广西壮族自治区,来宾市,金秀瑶族自治县,110.190354,24.130509
451381,广西壮族自治区,来宾市,合山市,108.885829,23.807032
451402,广西壮族自治区,崇左市,江州区,107.353694,22.40609
451421,广西壮族自治区,崇左市,扶绥县,107.90389,22.635542
451422,广西壮族自治区,崇左市,宁明县,107.076394,22.140242
451423,广西壮族自治区,崇左市,龙州县,106.854001,22.343591
451424,广西壮族自治区,崇左市,大新县,107.200654,22.829287
451425,广西壮族自治区,崇左市,天等县,107.143539,23.080818
451481,广西壮族自治区,崇左市,凭祥市,106.766715,22.094421
460105,海南省,海口市,秀英区,110.293566,20.007703
460106,海南省,海口市,龙华区,110.328628,20.030843
460107,海南省,海口市,琼山区,110.384318,19.984293
460108,海南省,海口市,美兰区,110.366359,20.028983
460202,海南省,三亚市,海棠区,109.735676,18.384177
460203,海南省,三亚市,吉阳区,109.578238,18.28146
460204,海南省,三亚市,天涯区,109.452325,18.298975
460205,海南省,三亚市,崖州区,109.172298,18.357572
460302,海南省,三沙市,西沙区,112.346961,16.834372
460303,海南省,三沙市,南沙区,112.896229,9.548531
460400,海南省,儋州市,儋州市,109.580812,19.520948
469001000,海南省,五指山市,五指山市,109.516784,18.774827
469002000,海南省,琼海市,琼海市,110.474524,19.259112
469005000,海南省,文昌市,文昌市,110.797473,19.544234
469006000,海南省,万宁市,万宁市,110.392605,18.793697
469007000,海南省,东方市,东方市,108.651829,19.095187
469021000,海南省,定安县,定安县,110.358001,19.681215
469022000,海南省,屯昌县,屯昌县,110.101667,19.351662
469023000,海南省,澄迈县,澄迈县,110.007497,19.738885
469024000,海南省,临高县,临高县,109.690508,19.912025
469025000,海南省,白沙黎族自治县,白沙黎族自治县,109.4429,19.221641
469026000,海南省,昌江黎族自治县,昌江黎族自治县,109.055783,19.298139
469027000,海南省,乐东黎族自治县,乐东黎族自治县,109.173384,18.750063
469028000,海南省,陵水黎族自治县,陵水黎族自治县,110.037553,18.506045
469029000,海南省,保亭黎族苗族自治县,保亭黎族苗族自治县,109.700279,18.640339
469030000,海南省,琼中黎族苗族自治县,琼中黎族苗族自治县,109.838423,19.03327
500101,重庆市,重庆市,万州区,108.408591,30.807621
500102,重庆市,重庆市,涪陵区,107.246521,29.752475
500103,重庆市,重庆市,渝中区,106.568955,29.552642
500104,重庆市,重庆市,大渡口区,106.482299,29.484464
500106,重庆市,重庆市,沙坪坝区,106.456939,29.541017
500107,重庆市,重庆市,九龙坡区,106.510515,29.502325
500108,重庆市,重庆市,南岸区,106.644254,29.50109
500109,重庆市,重庆市,北碚区,106.395593,29.805197
500110,重庆市,重庆市,綦江区,106.651213,29.028117
500111,重庆市,重庆市,大足区,105.721825,29.707555
500113,重庆市,重庆市,巴南区,106.540603,29.402348
500114,重庆市,重庆市,黔江区,108.770677,29.533609
500115,重庆市,重庆市,长寿区,107.080945,29.857916
500116,重庆市,重庆市,江津区,106.264435,29.319984
500117,重庆市,重庆市,合川区,106.27617,29.971968
500118,重庆市,重庆市,永川区,105.926951,29.356384
500119,重庆市,重庆市,南川区,107.099147,29.157879
500120,重庆市,重庆市,璧山区,106.204885,29.577455
500151,重庆市,重庆市,铜梁区,106.056265,29.845248
500152,重庆市,重庆市,潼南区,105.840487,30.191077
500153,重庆市,重庆市,荣昌区,105.6118,29.416892
500154,重庆市,重庆市,开州区,108.39336,31.160416
500155,重庆市,重庆市,梁平区,107.769568,30.654233
500156,重庆市,重庆市,武隆区,107.759955,29.325707
500157,重庆市,重庆市,两江新区,106.566022,29.642726
500229,重庆市,重庆市,城口县,108.664349,31.947319
500230,重庆市,重庆市,丰都县,107.731056,29.863785
500231,重庆市,重庆市,垫江县,107.332511,30.327548
500233,重庆市,重庆市,忠县,108.038073,30.299817
500235,重庆市,重庆市,云阳县,108.6975,30.930628
500236,重庆市,重庆市,奉节县,109.401056,31.018505
500237,重庆市,重庆市,巫山县,109.878995,31.07478
500238,重庆市,重庆市,巫溪县,109.570038,31.398619
500240,重庆市,重庆市,石柱土家族自治县,108.114251,29.999066
500241,重庆市,重庆市,秀山土家族苗族自治县,109.007096,28.448248
500242,重庆市,重庆市,酉阳土家族苗族自治县,108.76726,28.841409
500243,重庆市,重庆市,彭水苗族土家族自治县,108.165571,29.293748
510104,四川省,成都市,锦江区,104.117262,30.598726
510105,四川省,成都市,青羊区,104.062415,30.674583
510106,四川省,成都市,金牛区,104.052236,30.691359
510107,四川省,成都市,武侯区,104.043246,30.641849
510108,四川省,成都市,成华区,104.101452,30.659966
510112,四川省,成都市,龙泉驿区,104.27536,30.556808
510113,四川省,成都市,青白江区,104.251342,30.8786
510114,四川省,成都市,新都区,104.158593,30.823568
510115,四川省,成都市,温江区,103.856423,30.681956
510116,四川省,成都市,双流区,103.92342,30.574884
510117,四川省,成都市,郫都区,103.900486,30.795113
510118,四川省,成都市,新津区,103.810906,30.410404
510121,四川省,成都市,金堂县,104.411871,30.86203
510129,四川省,成都市,大邑县,103.51226,30.573004
510131,四川省,成都市,蒲江县,103.506478,30.197558
510181,四川省,成都市,都江堰市,103.647193,30.988763
510182,四川省,成都市,彭州市,103.957706,30.990463
510183,四川省,成都市,邛崃市,103.464176,30.41029
510184,四川省,成都市,崇州市,103.673025,30.630183
510185,四川省,成都市,简阳市,104.547644,30.410937
510302,四川省,自贡市,自流井区,104.777182,29.337295
510303,四川省,自贡市,贡井区,104.704179,29.333764
510304,四川省,自贡市,大安区,104.773982,29.36371
510311,四川省,自贡市,沿滩区,104.873826,29.27208
510321,四川省,自贡市,荣县,104.417438,29.445461
510322,四川省,自贡市,富顺县,104.975193,29.181779
510402,四川省,攀枝花市,东区,101.704129,26.546484
510403,四川省,攀枝花市,西区,101.630557,26.5977
510411,四川省,攀枝花市,仁和区,101.738615,26.497796
510421,四川省,攀枝花市,米易县,102.111073,26.896372
510422,四川省,攀枝花市,盐边县,101.854027,26.682611
510502,四川省,泸州市,江阳区,105.434982,28.87881
510503,四川省,泸州市,纳溪区,105.371324,28.772888
510504,四川省,泸州市,龙马潭区,105.437751,28.913257
510521,四川省,泸州市,泸县,105.381879,29.1516
510522,四川省,泸州市,合江县,105.831011,28.811278
510524,四川省,泸州市,叙永县,105.444777,28.155631
510525,四川省,泸州市,古蔺县,105.812694,28.038763
510603,四川省,德阳市,旌阳区,104.417061,31.143335
510604,四川省,德阳市,罗江区,104.510457,31.317388
510623,四川省,德阳市,中江县,104.678601,31.03327
510681,四川省,德阳市,广汉市,104.282204,30.977264
510682,四川省,德阳市,什邡市,104.167345,31.12655
510683,四川省,德阳市,绵竹市,104.220679,31.339251
510703,四川省,绵阳市,涪城区,104.756917,31.455192
510704,四川省,绵阳市,游仙区,104.766136,31.473788
510705,四川省,绵阳市,安州区,104.567543,31.534319
510722,四川省,绵阳市,三台县,105.093722,31.095826
510723,四川省,绵阳市,盐亭县,105.389453,31.208362
510725,四川省,绵阳市,梓潼县,105.170746,31.642635
510726,四川省,绵阳市,北川羌族自治县,104.468163,31.617192
510727,四川省,绵阳市,平武县,104.555481,32.409684
510781,四川省,绵阳市,江油市,104.74564,31.778572
510802,四川省,广元市,利州区,105.845307,32.433756
510811,四川省,广元市,昭化区,105.957612,32.333173
510812,四川省,广元市,朝天区,105.882848,32.651352
510821,四川省,广元市,旺苍县,106.290124,32.229074
510822,四川省,广元市,青川县,105.238498,32.575821
510823,四川省,广元市,剑阁县,105.524699,32.288681
510824,四川省,广元市,苍溪县,105.934756,31.731709
510903,四川省,遂宁市,船山区,105.568359,30.526201
510904,四川省,遂宁市,安居区,105.45636,30.355091
510921,四川省,遂宁市,蓬溪县,105.707498,30.75763
510923,四川省,遂宁市,大英县,105.236852,30.594472
510981,四川省,遂宁市,射洪市,105.388366,30.871079
511002,四川省,内江市,市中区,105.06759,29.587091
511011,四川省,内江市,东兴区,105.076107,29.593528
511024,四川省,内江市,威远县,104.669032,29.527456
511025,四川省,内江市,资中县,104.851874,29.763419
511083,四川省,内江市,隆昌市,105.287507,29.339408
511102,四川省,乐山市,市中区,103.761329,29.555374
511111,四川省,乐山市,沙湾区,103.550118,29.412404
511112,四川省,乐山市,五通桥区,103.818024,29.406837
511113,四川省,乐山市,金口河区,103.078597,29.244345
511123,四川省,乐山市,犍为县,103.949231,29.208118
511124,四川省,乐山市,井研县,104.06968,29.65165
511126,四川省,乐山市,夹江县,103.571313,29.738143
511129,四川省,乐山市,沐川县,103.902691,28.956394
511132,四川省,乐山市,峨边彝族自治县,103.262048,29.230426
511133,四川省,乐山市,马边彝族自治县,103.546347,28.83552
511181,四川省,乐山市,峨眉山市,103.484557,29.601189
511302,四川省,南充市,顺庆区,106.092327,30.797366
511303,四川省,南充市,高坪区,106.118931,30.781284
511304,四川省,南充市,嘉陵区,106.07208,30.758831
511321,四川省,南充市,南部县,106.036349,31.348255
511322,四川省,南充市,营山县,106.565524,31.077057
511323,四川省,南充市,蓬安县,106.412156,31.028537
511324,四川省,南充市,仪陇县,106.303082,31.271693
511325,四川省,南充市,西充县,105.900894,30.995546
511381,四川省,南充市,阆中市,106.005046,31.558356
511402,四川省,眉山市,东坡区,103.831868,30.041956
511403,四川省,眉山市,彭山区,103.872852,30.193278
511421,四川省,眉山市,仁寿县,104.133931,29.995638
511423,四川省,眉山市,洪雅县,103.365035,29.915828
511424,四川省,眉山市,丹棱县,103.512859,30.014398
511425,四川省,眉山市,青神县,103.846596,29.831302
511502,四川省,宜宾市,翠屏区,104.619853,28.766537
511503,四川省,宜宾市,南溪区,104.969147,28.846366
511504,四川省,宜宾市,叙州区,104.533244,28.690068
511523,四川省,宜宾市,江安县,105.066982,28.723797
511524,四川省,宜宾市,长宁县,104.920643,28.582866
511525,四川省,宜宾市,高县,104.517748,28.436166
511526,四川省,宜宾市,珙县,104.708986,28.439514
511527,四川省,宜宾市,筠连县,104.511159,28.167981
511528,四川省,宜宾市,兴文县,105.236207,28.303669
511529,四川省,宜宾市,屏山县,104.346138,28.82867
511602,四川省,广安市,广安区,106.641628,30.473943
511603,四川省,广安市,前锋区,106.886039,30.496059
511621,四川省,广安市,岳池县,106.440056,30.538656
511622,四川省,广安市,武胜县,106.295945,30.349493
511623,四川省,广安市,邻水县,106.930242,30.334911
511681,四川省,广安市,华蓥市,106.783151,30.390439
511702,四川省,达州市,通川区,107.505053,31.214665
511703,四川省,达州市,达川区,107.511736,31.196573
511722,四川省,达州市,宣汉县,107.727198,31.353845
511723,四川省,达州市,开江县,107.868609,31.082945
511724,四川省,达州市,大竹县,107.204702,30.736222
511725,四川省,达州市,渠县,106.973114,30.836504
511781,四川省,达州市,万源市,108.034393,32.081698
511802,四川省,雅安市,雨城区,103.032868,30.005718
511803,四川省,雅安市,名山区,103.109238,30.069837
511822,四川省,雅安市,荥经县,102.846537,29.793254
511823,四川省,雅安市,汉源县,102.650417,29.344275
511824,四川省,雅安市,石棉县,102.358364,29.230963
511825,四川省,雅安市,天全县,102.771745,30.05728
511826,四川省,雅安市,芦山县,102.933618,30.145077
511827,四川省,雅安市,宝兴县,102.824826,30.252469
511902,四川省,巴中市,巴州区,106.76887,31.851458
511903,四川省,巴中市,恩阳区,106.634651,31.796476
511921,四川省,巴中市,通江县,107.245033,31.911705
511922,四川省,巴中市,南江县,106.828697,32.346589
511923,四川省,巴中市,平昌县,107.103613,31.560436
512002,四川省,资阳市,雁江区,104.676814,30.107778
512021,四川省,资阳市,安岳县,105.35551,30.103623
512022,四川省,资阳市,乐至县,105.019823,30.275418
513201,四川省,阿坝藏族羌族自治州,马尔康市,102.206386,31.905799
513221,四川省,阿坝藏族羌族自治州,汶川县,103.590185,31.476875
513222,四川省,阿坝藏族羌族自治州,理县,103.163284,31.435831
513223,四川省,阿坝藏族羌族自治州,茂县,103.85332,31.681727
513224,四川省,阿坝藏族羌族自治州,松潘县,103.60428,32.655685
513225,四川省,阿坝藏族羌族自治州,九寨沟县,104.2426,33.252008
513226,四川省,阿坝藏族羌族自治州,金川县,102.063821,31.47625
513227,四川省,阿坝藏族羌族自治州,小金县,102.362984,30.995823
513228,四川省,阿坝藏族羌族自治州,黑水县,102.987592,32.069268
513230,四川省,阿坝藏族羌族自治州,壤塘县,100.978526,32.265796
513231,四川省,阿坝藏族羌族自治州,阿坝县,101.706548,32.902387
513232,四川省,阿坝藏族羌族自治州,若尔盖县,102.96738,33.578503
513233,四川省,阿坝藏族羌族自治州,红原县,102.544395,32.790841
513301,四川省,甘孜藏族自治州,康定市,101.95687,29.998544
513322,四川省,甘孜藏族自治州,泸定县,102.234814,29.914103
513323,四川省,甘孜藏族自治州,丹巴县,101.89054,30.878618
513324,四川省,甘孜藏族自治州,九龙县,101.507294,29.000347
513325,四川省,甘孜藏族自治州,雅江县,101.014366,30.031498
513326,四川省,甘孜藏族自治州,道孚县,101.125157,30.979486
513327,四川省,甘孜藏族自治州,炉霍县,100.676014,31.390657
513328,四川省,甘孜藏族自治州,甘孜县,99.991683,31.622731
513329,四川省,甘孜藏族自治州,新龙县,100.311569,30.93917
513330,四川省,甘孜藏族自治州,德格县,98.580914,31.806118
513331,四川省,甘孜藏族自治州,白玉县,98.824025,31.209669
513332,四川省,甘孜藏族自治州,石渠县,98.102938,32.978728
513333,四川省,甘孜藏族自治州,色达县,100.333011,32.268541
513334,四川省,甘孜藏族自治州,理塘县,100.269145,29.994228
513335,四川省,甘孜藏族自治州,巴塘县,99.110555,30.00533
513336,四川省,甘孜藏族自治州,乡城县,99.798116,28.931081
513337,四川省,甘孜藏族自治州,稻城县,100.297369,29.03791
513338,四川省,甘孜藏族自治州,得荣县,99.286366,28.713085
513401,四川省,凉山彝族自治州,西昌市,102.264166,27.89441
513402,四川省,凉山彝族自治州,会理市,102.244774,26.655047
513422,四川省,凉山彝族自治州,木里藏族自治县,101.280216,27.928736
513423,四川省,凉山彝族自治州,盐源县,101.509038,27.422593
513424,四川省,凉山彝族自治州,德昌县,102.175661,27.402832
513426,四川省,凉山彝族自治州,会东县,102.577979,26.634744
513427,四川省,凉山彝族自治州,宁南县,102.751587,27.061431
513428,四川省,凉山彝族自治州,普格县,102.540901,27.376413
513429,四川省,凉山彝族自治州,布拖县,102.809157,27.7121
513430,四川省,凉山彝族自治州,金阳县,103.248786,27.696735
513431,四川省,凉山彝族自治州,昭觉县,102.839849,28.015301
513432,四川省,凉山彝族自治州,喜德县,102.412451,28.306429
513433,四川省,凉山彝族自治州,冕宁县,102.176622,28.550145
513434,四川省,凉山彝族自治州,越西县,102.507467,28.639874
513435,四川省,凉山彝族自治州,甘洛县,102.771441,28.959131
513436,四川省,凉山彝族自治州,美姑县,103.132359,28.328591
513437,四川省,凉山彝族自治州,雷波县,103.571705,28.263202
520102,贵州省,贵阳市,南明区,106.714305,26.568055
520103,贵州省,贵阳市,云岩区,106.724394,26.604604
520111,贵州省,贵阳市,花溪区,106.67026,26.409817
520112,贵州省,贵阳市,乌当区,106.75069,26.630911
520113,贵州省,贵阳市,白云区,106.623069,26.677932
520115,贵州省,贵阳市,观山湖区,106.598978,26.616134
520121,贵州省,贵阳市,开阳县,106.964716,27.057823
520122,贵州省,贵阳市,息烽县,106.740407,27.090479
520123,贵州省,贵阳市,修文县,106.591958,26.836048
520181,贵州省,贵阳市,清镇市,106.473131,26.572978
520201,贵州省,六盘水市,钟山区,104.843723,26.574699
520203,贵州省,六盘水市,六枝特区,105.477199,26.214356
520204,贵州省,六盘水市,水城区,104.957871,26.547604
520281,贵州省,六盘水市,盘州市,104.471554,25.709878
520302,贵州省,遵义市,红花岗区,106.893598,27.644793
520303,贵州省,遵义市,汇川区,106.933727,27.749716
520304,贵州省,遵义市,播州区,106.829081,27.535735
520322,贵州省,遵义市,桐梓县,106.824661,28.132991
520323,贵州省,遵义市,绥阳县,107.191326,27.946049
520324,贵州省,遵义市,正安县,107.454463,28.553507
520325,贵州省,遵义市,道真仡佬族苗族自治县,107.613076,28.862548
520326,贵州省,遵义市,务川仡佬族苗族自治县,107.899353,28.562921
520327,贵州省,遵义市,凤冈县,107.71646,27.954424
520328,贵州省,遵义市,湄潭县,107.465492,27.748942
520329,贵州省,遵义市,余庆县,107.906043,27.21513
520330,贵州省,遵义市,习水县,106.19715,28.332923
520381,贵州省,遵义市,赤水市,105.697501,28.590474
520382,贵州省,遵义市,仁怀市,106.401322,27.791883
520402,贵州省,安顺市,西秀区,105.966086,26.243928
520403,贵州省,安顺市,平坝区,106.255768,26.405968
520422,贵州省,安顺市,普定县,105.743156,26.301876
520423,贵州省,安顺市,镇宁布依族苗族自治县,105.770543,26.057248
520424,贵州省,安顺市,关岭布依族苗族自治县,105.538335,25.953518
520425,贵州省,安顺市,紫云苗族布依族自治县,106.084441,25.751047
520502,贵州省,毕节市,七星关区,105.305219,27.298304
520521,贵州省,毕节市,大方县,105.601963,27.14443
520523,贵州省,毕节市,金沙县,106.220112,27.458601
520524,贵州省,毕节市,织金县,105.770249,26.663649
520525,贵州省,毕节市,纳雍县,105.414578,26.779344
520526,贵州省,毕节市,威宁彝族回族苗族自治县,104.252787,26.873872
520527,贵州省,毕节市,赫章县,104.728011,27.117933
520581,贵州省,毕节市,黔西市,106.032277,27.008681
520602,贵州省,铜仁市,碧江区,109.264271,27.815244
520603,贵州省,铜仁市,万山区,109.153685,27.671268
520621,贵州省,铜仁市,江口县,108.843993,27.704883
520622,贵州省,铜仁市,玉屏侗族自治县,108.906415,27.235816
520623,贵州省,铜仁市,石阡县,108.223686,27.513499
520624,贵州省,铜仁市,思南县,108.253798,27.937464
520625,贵州省,铜仁市,印江土家族苗族自治县,108.409638,27.994442
520626,贵州省,铜仁市,德江县,108.120773,28.264028
520627,贵州省,铜仁市,沿河土家族自治县,108.503152,28.564083
520628,贵州省,铜仁市,松桃苗族自治县,109.202877,28.15427
522301,贵州省,黔西南布依族苗族自治州,兴义市,104.895503,25.09196
522302,贵州省,黔西南布依族苗族自治州,兴仁市,105.186132,25.43509
522323,贵州省,黔西南布依族苗族自治州,普安县,104.953289,25.784225
522324,贵州省,黔西南布依族苗族自治州,晴隆县,105.218956,25.834729
522325,贵州省,黔西南布依族苗族自治州,贞丰县,105.64976,25.38558
522326,贵州省,黔西南布依族苗族自治州,望谟县,106.094864,25.174204
522327,贵州省,黔西南布依族苗族自治州,册亨县,105.811592,24.983663
522328,贵州省,黔西南布依族苗族自治州,安龙县,105.442702,25.099014
522601,贵州省,黔东南苗族侗族自治州,凯里市,107.981409,26.5662
522622,贵州省,黔东南苗族侗族自治州,黄平县,107.916651,26.905278
522623,贵州省,黔东南苗族侗族自治州,施秉县,108.124531,27.033107
522624,贵州省,黔东南苗族侗族自治州,三穗县,108.675265,26.953359
522625,贵州省,黔东南苗族侗族自治州,镇远县,108.429536,27.049033
522626,贵州省,黔东南苗族侗族自治州,岑巩县,108.815855,27.174124
522627,贵州省,黔东南苗族侗族自治州,天柱县,109.207826,26.909548
522628,贵州省,黔东南苗族侗族自治州,锦屏县,109.200808,26.675919
522629,贵州省,黔东南苗族侗族自治州,剑河县,108.441501,26.728274
522630,贵州省,黔东南苗族侗族自治州,台江县,108.321244,26.667525
522631,贵州省,黔东南苗族侗族自治州,黎平县,109.125826,26.213304
522632,贵州省,黔东南苗族侗族自治州,榕江县,108.52188,25.931893
522633,贵州省,黔东南苗族侗族自治州,从江县,108.904998,25.754638
522634,贵州省,黔东南苗族侗族自治州,雷山县,108.078217,26.378892
522635,贵州省,黔东南苗族侗族自治州,麻江县,107.589455,26.49129
522636,贵州省,黔东南苗族侗族自治州,丹寨县,107.789301,26.19857
522701,贵州省,黔南布依族苗族自治州,都匀市,107.518628,26.259456
522702,贵州省,黔南布依族苗族自治州,福泉市,107.520371,26.686773
522722,贵州省,黔南布依族苗族自治州,荔波县,107.88057,25.402528
522723,贵州省,黔南布依族苗族自治州,贵定县,107.232208,26.557205
522725,贵州省,黔南布依族苗族自治州,瓮安县,107.471307,27.07838
522726,贵州省,黔南布依族苗族自治州,独山县,107.557591,25.865418
522727,贵州省,黔南布依族苗族自治州,平塘县,107.322635,25.822395
522728,贵州省,黔南布依族苗族自治州,罗甸县,106.751724,25.42616
522729,贵州省,黔南布依族苗族自治州,长顺县,106.44057,26.003187
522730,贵州省,黔南布依族苗族自治州,龙里县,106.979177,26.453546
522731,贵州省,黔南布依族苗族自治州,惠水县,106.656993,26.132045
522732,贵州省,黔南布依族苗族自治州,三都水族自治县,107.869489,25.983572
530102,云南省,昆明市,五华区,102.707262,25.043635
530103,云南省,昆明市,盘龙区,102.751643,25.116512
530111,云南省,昆明市,官渡区,102.748888,24.950285
530112,云南省,昆明市,西山区,102.664426,25.038039
530113,云南省,昆明市,东川区,103.187825,26.082997
530114,云南省,昆明市,呈贡区,102.822104,24.885738
530115,云南省,昆明市,晋宁区,102.595325,24.669077
530124,云南省,昆明市,富民县,102.497722,25.221924
530125,云南省,昆明市,宜良县,103.141674,24.91983
530126,云南省,昆明市,石林彝族自治县,103.290536,24.771761
530127,云南省,昆明市,嵩明县,103.043384,25.327273
530128,云南省,昆明市,禄劝彝族苗族自治县,102.471993,25.551768
530129,云南省,昆明市,寻甸回族彝族自治县,103.256559,25.558163
530181,云南省,昆明市,安宁市,102.47865,24.919831
530302,云南省,曲靖市,麒麟区,103.804406,25.496472
530303,云南省,曲靖市,沾益区,103.822104,25.600424
530304,云南省,曲靖市,马龙区,103.578459,25.428102
530322,云南省,曲靖市,陆良县,103.66671,25.0293
530323,云南省,曲靖市,师宗县,103.985224,24.822471
530324,云南省,曲靖市,罗平县,104.297124,24.865388
530325,云南省,曲靖市,富源县,104.255082,25.674217
530326,云南省,曲靖市,会泽县,103.297155,26.417116
530381,云南省,曲靖市,宣威市,104.104255,26.218956
530402,云南省,玉溪市,红塔区,102.540122,24.341215
530403,云南省,玉溪市,江川区,102.748499,24.299441
530423,云南省,玉溪市,通海县,102.725538,24.11114
530424,云南省,玉溪市,华宁县,102.928914,24.19322
530425,云南省,玉溪市,易门县,102.161947,24.672156
530426,云南省,玉溪市,峨山彝族自治县,102.405698,24.168899
530427,云南省,玉溪市,新平彝族傣族自治县,101.990805,24.070436
530428,云南省,玉溪市,元江哈尼族彝族傣族自治县,101.998138,23.596068
530481,云南省,玉溪市,澄江市,102.904181,24.675536
530502,云南省,保山市,隆阳区,99.165638,25.121137
530521,云南省,保山市,施甸县,99.18919,24.723084
530523,云南省,保山市,龙陵县,98.68941,24.586703
530524,云南省,保山市,昌宁县,99.605105,24.827739
530581,云南省,保山市,腾冲市,98.490276,25.020283
530602,云南省,昭通市,昭阳区,103.706323,27.320035
530621,云南省,昭通市,鲁甸县,103.557969,27.186668
530622,云南省,昭通市,巧家县,102.935343,26.896904
530623,云南省,昭通市,盐津县,104.234458,28.108475
530624,云南省,昭通市,大关县,103.891164,27.748054
530625,云南省,昭通市,永善县,103.63756,28.229018
530626,云南省,昭通市,绥江县,103.968995,28.592119
530627,云南省,昭通市,镇雄县,104.873486,27.441527
530628,云南省,昭通市,彝良县,104.055991,27.624277
530629,云南省,昭通市,威信县,105.049012,27.846839
530681,云南省,昭通市,水富市,104.415964,28.629951
530702,云南省,丽江市,古城区,100.22583,26.876468
530721,云南省,丽江市,玉龙纳西族自治县,100.236967,26.821494
530722,云南省,丽江市,永胜县,100.750907,26.684215
530723,云南省,丽江市,华坪县,101.265373,26.629598
530724,云南省,丽江市,宁蒗彝族自治县,100.851083,27.282207
530802,云南省,普洱市,思茅区,100.977069,22.786769
530821,云南省,普洱市,宁洱哈尼族彝族自治县,101.045743,23.048809
530822,云南省,普洱市,墨江哈尼族自治县,101.692461,23.431894
530823,云南省,普洱市,景东彝族自治县,100.833877,24.446731
530824,云南省,普洱市,景谷傣族彝族自治县,100.702807,23.496987
530825,云南省,普洱市,镇沅彝族哈尼族拉祜族自治县,101.108733,24.00445
530826,云南省,普洱市,江城哈尼族彝族自治县,101.862344,22.585858
530827,云南省,普洱市,孟连傣族拉祜族佤族自治县,99.584225,22.329053
530828,云南省,普洱市,澜沧拉祜族自治县,99.932045,22.555799
530829,云南省,普洱市,西盟佤族自治县,99.59016,22.644237
530902,云南省,临沧市,临翔区,100.082073,23.895298
530921,云南省,临沧市,凤庆县,99.92873,24.580559
530922,云南省,临沧市,云县,100.1303,24.444461
530923,云南省,临沧市,永德县,99.258702,24.018463
530924,云南省,临沧市,镇康县,98.825389,23.762886
530925,云南省,临沧市,双江拉祜族佤族布朗族傣族自治县,99.828225,23.472719
530926,云南省,临沧市,耿马傣族佤族自治县,99.397126,23.538092
530927,云南省,临沧市,沧源佤族自治县,99.245894,23.146758
532301,云南省,楚雄彝族自治州,楚雄市,101.546242,25.032945
532302,云南省,楚雄彝族自治州,禄丰市,102.079082,25.151061
532322,云南省,楚雄彝族自治州,双柏县,101.642369,24.688814
532323,云南省,楚雄彝族自治州,牟定县,101.546898,25.312939
532324,云南省,楚雄彝族自治州,南华县,101.283236,25.200163
532325,云南省,楚雄彝族自治州,姚安县,101.241632,25.504287
532326,云南省,楚雄彝族自治州,大姚县,101.336576,25.729551
532327,云南省,楚雄彝族自治州,永仁县,101.666795,26.049522
532328,云南省,楚雄彝族自治州,元谋县,101.87434,25.704499
532329,云南省,楚雄彝族自治州,武定县,102.403949,25.530731
532501,云南省,红河哈尼族彝族自治州,个旧市,103.152663,23.389935
532502,云南省,红河哈尼族彝族自治州,开远市,103.266908,23.714518
532503,云南省,红河哈尼族彝族自治州,蒙自市,103.364936,23.396111
532504,云南省,红河哈尼族彝族自治州,弥勒市,103.414817,24.411774
532523,云南省,红河哈尼族彝族自治州,屏边苗族自治县,103.675458,22.986733
532524,云南省,红河哈尼族彝族自治州,建水县,102.826178,23.635824
532525,云南省,红河哈尼族彝族自治州,石屏县,102.496138,23.705707
532527,云南省,红河哈尼族彝族自治州,泸西县,103.76615,24.531981
532528,云南省,红河哈尼族彝族自治州,元阳县,102.835358,23.219671
532529,云南省,红河哈尼族彝族自治州,红河县,102.420566,23.368946
532530,云南省,红河哈尼族彝族自治州,金平苗族瑶族傣族自治县,103.227982,22.769894
532531,云南省,红河哈尼族彝族自治州,绿春县,102.392655,22.993654
532532,云南省,红河哈尼族彝族自治州,河口瑶族自治县,103.939265,22.529438
532601,云南省,文山壮族苗族自治州,文山市,104.233237,23.38683
532622,云南省,文山壮族苗族自治州,砚山县,104.336905,23.605075
532623,云南省,文山壮族苗族自治州,西畴县,104.671802,23.437707
532624,云南省,文山壮族苗族自治州,麻栗坡县,104.702732,23.125837
532625,云南省,文山壮族苗族自治州,马关县,104.394524,23.013108
532626,云南省,文山壮族苗族自治州,丘北县,104.166713,24.05064
532627,云南省,文山壮族苗族自治州,广南县,105.055075,24.046378
532628,云南省,文山壮族苗族自治州,富宁县,105.630921,23.625072
532801,云南省,西双版纳傣族自治州,景洪市,100.799595,22.011792
532822,云南省,西双版纳傣族自治州,勐海县,100.452444,21.957323
532823,云南省,西双版纳傣族自治州,勐腊县,101.564635,21.459233
532901,云南省,大理白族自治州,大理市,100.301614,25.678466
532922,云南省,大理白族自治州,漾濞彝族自治县,99.958089,25.669944
532923,云南省,大理白族自治州,祥云县,100.549961,25.483727
532924,云南省,大理白族自治州,宾川县,100.590274,25.830491
532925,云南省,大理白族自治州,弥渡县,100.491038,25.343778
532926,云南省,大理白族自治州,南涧彝族自治县,100.510333,25.032353
532927,云南省,大理白族自治州,巍山彝族回族自治县,100.306977,25.227065
532928,云南省,大理白族自治州,永平县,99.54063,25.464134
532929,云南省,大理白族自治州,云龙县,99.371021,25.885733
532930,云南省,大理白族自治州,洱源县,99.962294,26.11337
532931,云南省,大理白族自治州,剑川县,99.905041,26.536889
532932,云南省,大理白族自治州,鹤庆县,100.176331,26.560122
533102,云南省,德宏傣族景颇族自治州,瑞丽市,97.855423,24.018377
533103,云南省,德宏傣族景颇族自治州,芒市,98.58809,24.433766
533122,云南省,德宏傣族景颇族自治州,梁河县,98.296584,24.804275
533123,云南省,德宏傣族景颇族自治州,盈江县,97.943474,24.691325
533124,云南省,德宏傣族景颇族自治州,陇川县,97.793359,24.182347
533301,云南省,怒江傈僳族自治州,泸水市,98.857723,25.822579
533323,云南省,怒江傈僳族自治州,福贡县,98.869132,26.901831
533324,云南省,怒江傈僳族自治州,贡山独龙族怒族自治县,98.666279,27.740839
533325,云南省,怒江傈僳族自治州,兰坪白族普米族自治县,99.416628,26.453622
533401,云南省,迪庆藏族自治州,香格里拉市,99.743582,27.842185
533422,云南省,迪庆藏族自治州,德钦县,98.917851,28.464213
533423,云南省,迪庆藏族自治州,维西傈僳族自治县,99.300937,27.163808
540102,西藏自治区,拉萨市,城关区,91.140368,29.654813
540103,西藏自治区,拉萨市,堆龙德庆区,91.002866,29.646815
540104,西藏自治区,拉萨市,达孜区,91.349503,29.670173
540121,西藏自治区,拉萨市,林周县,91.265287,29.893545
540122,西藏自治区,拉萨市,当雄县,91.101186,30.473134
540123,西藏自治区,拉萨市,尼木县,90.16446,29.43202
540124,西藏自治区,拉萨市,曲水县,90.743355,29.354293
540127,西藏自治区,拉萨市,墨竹工卡县,91.739134,29.850344
540202,西藏自治区,日喀则市,桑珠孜区,88.898503,29.247726
540221,西藏自治区,日喀则市,南木林县,89.099243,29.682331
540222,西藏自治区,日喀则市,江孜县,89.605654,28.91186
540223,西藏自治区,日喀则市,定日县,87.12612,28.658743
540224,西藏自治区,日喀则市,萨迦县,88.021674,28.899664
540225,西藏自治区,日喀则市,拉孜县,87.636934,29.08188
540226,西藏自治区,日喀则市,昂仁县,87.227739,29.299444
540227,西藏自治区,日喀则市,谢通门县,88.255784,29.425455
540228,西藏自治区,日喀则市,白朗县,89.261977,29.107688
540229,西藏自治区,日喀则市,仁布县,89.841983,29.230933
540230,西藏自治区,日喀则市,康马县,89.681663,28.555627
540231,西藏自治区,日喀则市,定结县,87.765872,28.364159
540232,西藏自治区,日喀则市,仲巴县,84.03793,29.758021
540233,西藏自治区,日喀则市,亚东县,88.907136,27.486094
540234,西藏自治区,日喀则市,吉隆县,85.298109,28.856542
540235,西藏自治区,日喀则市,聂拉木县,85.982237,28.155186
540236,西藏自治区,日喀则市,萨嘎县,85.232941,29.328818
540237,西藏自治区,日喀则市,岗巴县,88.515318,28.271189
540302,西藏自治区,昌都市,卡若区,97.196021,31.112087
540321,西藏自治区,昌都市,江达县,98.218336,31.499176
540322,西藏自治区,昌都市,贡觉县,98.27097,30.860099
540323,西藏自治区,昌都市,类乌齐县,96.599386,31.211378
540324,西藏自治区,昌都市,丁青县,95.619868,31.409024
540325,西藏自治区,昌都市,察雅县,97.568752,30.653943
540326,西藏自治区,昌都市,八宿县,96.917836,30.053209
540327,西藏自治区,昌都市,左贡县,97.841176,29.671488
540328,西藏自治区,昌都市,芒康县,98.593493,29.679957
540329,西藏自治区,昌都市,洛隆县,95.825169,30.741988
540330,西藏自治区,昌都市,边坝县,94.7078,30.933652
540402,西藏自治区,林芝市,巴宜区,94.361094,29.636576
540421,西藏自治区,林芝市,工布江达县,93.246077,29.88528
540423,西藏自治区,林芝市,墨脱县,95.332108,29.325425
540424,西藏自治区,林芝市,波密县,95.768439,29.859751
540425,西藏自治区,林芝市,察隅县,97.466919,28.66128
540426,西藏自治区,林芝市,朗县,93.07254,29.046892
540481,西藏自治区,林芝市,米林市,94.213059,29.215971
540502,西藏自治区,山南市,乃东区,91.761538,29.224904
540521,西藏自治区,山南市,扎囊县,91.33725,29.245113
540522,西藏自治区,山南市,贡嘎县,90.978425,29.290169
540523,西藏自治区,山南市,桑日县,92.017723,29.259439
540524,西藏自治区,山南市,琼结县,91.684307,29.024492
540525,西藏自治区,山南市,曲松县,92.203738,29.062826
540526,西藏自治区,山南市,措美县,91.433509,28.438202
540527,西藏自治区,山南市,洛扎县,90.859971,28.385811
540528,西藏自治区,山南市,加查县,92.597518,29.138165
540529,西藏自治区,山南市,隆子县,92.461774,28.40743
540531,西藏自治区,山南市,浪卡子县,90.400251,28.96693
540581,西藏自治区,山南市,错那市,91.957155,27.991121
540602,西藏自治区,那曲市,色尼区,92.053498,31.469645
540621,西藏自治区,那曲市,嘉黎县,93.232347,30.641543
540622,西藏自治区,那曲市,比如县,93.681302,31.477914
540623,西藏自治区,那曲市,聂荣县,92.303377,32.10775
540624,西藏自治区,那曲市,安多县,91.68195,32.265016
540625,西藏自治区,那曲市,申扎县,88.709936,30.93045
540626,西藏自治区,那曲市,索县,93.785068,31.888045
540627,西藏自治区,那曲市,班戈县,90.009822,31.392157
540628,西藏自治区,那曲市,巴青县,94.053438,31.91847
540629,西藏自治区,那曲市,尼玛县,87.236772,31.784701
540630,西藏自治区,那曲市,双湖县,88.838017,33.188355
542521,西藏自治区,阿里地区,普兰县,81.177116,30.290467
542522,西藏自治区,阿里地区,札达县,79.807096,31.479882
542523,西藏自治区,阿里地区,噶尔县,80.096591,32.492078
542524,西藏自治区,阿里地区,日土县,79.733552,33.382017
542525,西藏自治区,阿里地区,革吉县,81.145433,32.387233
542526,西藏自治区,阿里地区,改则县,84.057135,32.297165
542527,西藏自治区,阿里地区,措勤县,85.152773,31.015862
610102,陕西省,西安市,新城区,108.960707,34.266601
610103,陕西省,西安市,碑林区,108.940681,34.256727
610104,陕西省,西安市,莲湖区,108.944161,34.26535
610111,陕西省,西安市,灞桥区,109.064675,34.273111
610112,陕西省,西安市,未央区,108.946665,34.293109
610113,陕西省,西安市,雁塔区,108.948592,34.222517
610114,陕西省,西安市,阎良区,109.226124,34.662232
610115,陕西省,西安市,临潼区,109.214249,34.367181
610116,陕西省,西安市,长安区,108.906944,34.158668
610117,陕西省,西安市,高陵区,109.088269,34.53502
610118,陕西省,西安市,鄠邑区,108.604772,34.108707
610122,陕西省,西安市,蓝田县,109.323473,34.151256
610124,陕西省,西安市,周至县,108.222219,34.163592
610202,陕西省,铜川市,王益区,109.075615,35.068925
610203,陕西省,铜川市,印台区,109.099848,35.11454
610204,陕西省,铜川市,耀州区,108.980095,34.909685
610222,陕西省,铜川市,宜君县,109.117063,35.398624
610302,陕西省,宝鸡市,渭滨区,107.155344,34.355068
610303,陕西省,宝鸡市,金台区,107.232733,34.397071
610304,陕西省,宝鸡市,陈仓区,107.368993,34.35073
610305,陕西省,宝鸡市,凤翔区,107.401029,34.522167
610323,陕西省,宝鸡市,岐山县,107.621397,34.44373
610324,陕西省,宝鸡市,扶风县,107.900157,34.375636
610326,陕西省,宝鸡市,眉县,107.750039,34.274774
610327,陕西省,宝鸡市,陇县,106.864404,34.892985
610328,陕西省,宝鸡市,千阳县,107.132421,34.642374
610329,陕西省,宝鸡市,麟游县,107.793524,34.677902
610330,陕西省,宝鸡市,凤县,106.515841,33.910797
610331,陕西省,宝鸡市,太白县,107.318932,34.058299
610402,陕西省,咸阳市,秦都区,108.706347,34.329478
610403,陕西省,咸阳市,杨陵区,108.084661,34.272084
610404,陕西省,咸阳市,渭城区,108.737062,34.36202
610422,陕西省,咸阳市,三原县,108.940754,34.617282
610423,陕西省,咸阳市,泾阳县,108.843029,34.526557
610424,陕西省,咸阳市,乾县,108.239316,34.528262
610425,陕西省,咸阳市,礼泉县,108.424682,34.481875
610426,陕西省,咸阳市,永寿县,108.142197,34.69188
610428,陕西省,咸阳市,长武县,107.79906,35.206273
610429,陕西省,咸阳市,旬邑县,108.333815,35.111787
610430,陕西省,咸阳市,淳化县,108.580164,34.798596
610431,陕西省,咸阳市,武功县,108.200275,34.261026
610481,陕西省,咸阳市,兴平市,108.490497,34.299199
610482,陕西省,咸阳市,彬州市,108.081892,35.035702
610502,陕西省,渭南市,临渭区,109.510051,34.498902
610503,陕西省,渭南市,华州区,109.775765,34.497019
610522,陕西省,渭南市,潼关县,110.246105,34.544294
610523,陕西省,渭南市,大荔县,109.941784,34.797073
610524,陕西省,渭南市,合阳县,110.149412,35.237881
610525,陕西省,渭南市,澄城县,109.932439,35.190256
610526,陕西省,渭南市,蒲城县,109.586263,34.955755
610527,陕西省,渭南市,白水县,109.590501,35.177497
610528,陕西省,渭南市,富平县,109.179903,34.751599
610581,陕西省,渭南市,韩城市,110.44295,35.477145
610582,陕西省,渭南市,华阴市,110.092286,34.566552
610602,陕西省,延安市,宝塔区,109.489726,36.585138
610603,陕西省,延安市,安塞区,109.329236,36.864571
610621,陕西省,延安市,延长县,110.012455,36.579354
610622,陕西省,延安市,延川县,110.193503,36.878324
610625,陕西省,延安市,志丹县,108.767816,36.822232
610626,陕西省,延安市,吴起县,108.176501,36.92746
610627,陕西省,延安市,甘泉县,109.351046,36.276645
610628,陕西省,延安市,富县,109.37884,35.988111
610629,陕西省,延安市,洛川县,109.43249,35.762626
610630,陕西省,延安市,宜川县,110.168963,36.050178
610631,陕西省,延安市,黄龙县,109.84029,35.584655
610632,陕西省,延安市,黄陵县,109.262919,35.579421
610681,陕西省,延安市,子长市,109.675284,37.142462
610702,陕西省,汉中市,汉台区,107.03201,33.067523
610703,陕西省,汉中市,南郑区,106.936235,33.000034
610722,陕西省,汉中市,城固县,107.333787,33.156937
610723,陕西省,汉中市,洋县,107.545678,33.222808
610724,陕西省,汉中市,西乡县,107.766477,32.983282
610725,陕西省,汉中市,勉县,106.673217,33.153636
610726,陕西省,汉中市,宁强县,106.257636,32.830032
610727,陕西省,汉中市,略阳县,106.15658,33.327293
610728,陕西省,汉中市,镇巴县,107.895015,32.536706
610729,陕西省,汉中市,留坝县,106.920781,33.617637
610730,陕西省,汉中市,佛坪县,107.990551,33.524261
610802,陕西省,榆林市,榆阳区,109.72054,38.277078
610803,陕西省,榆林市,横山区,109.294144,37.962477
610822,陕西省,榆林市,府谷县,111.016431,39.015658
610824,陕西省,榆林市,靖边县,108.794153,37.600351
610825,陕西省,榆林市,定边县,107.601048,37.594976
610826,陕西省,榆林市,绥德县,110.263226,37.502984
610827,陕西省,榆林市,米脂县,110.183984,37.755134
610828,陕西省,榆林市,佳县,110.491345,38.01951
610829,陕西省,榆林市,吴堡县,110.739726,37.452179
610830,陕西省,榆林市,清涧县,110.121181,37.088921
610831,陕西省,榆林市,子洲县,110.035124,37.610554
610881,陕西省,榆林市,神木市,110.466867,38.899742
610902,陕西省,安康市,汉滨区,109.026928,32.695436
610921,陕西省,安康市,汉阴县,108.508792,32.893057
610922,陕西省,安康市,石泉县,108.248061,33.03805
610923,陕西省,安康市,宁陕县,108.314299,33.310284
610924,陕西省,安康市,紫阳县,108.534291,32.520209
610925,陕西省,安康市,岚皋县,108.902049,32.307001
610926,陕西省,安康市,平利县,109.361919,32.389061
610927,陕西省,安康市,镇坪县,109.526873,31.883672
610929,陕西省,安康市,白河县,110.112608,32.80901
610981,陕西省,安康市,旬阳市,109.361783,32.832213
611002,陕西省,商洛市,商州区,109.941452,33.862979
611021,陕西省,商洛市,洛南县,110.148526,34.090815
611022,陕西省,商洛市,丹凤县,110.327542,33.696254
611023,陕西省,商洛市,商南县,110.881741,33.531071
611024,陕西省,商洛市,山阳县,109.882289,33.532172
611025,陕西省,商洛市,镇安县,109.152833,33.423764
611026,陕西省,商洛市,柞水县,109.114006,33.686048
620102,甘肃省,兰州市,城关区,103.825315,36.056948
620103,甘肃省,兰州市,七里河区,103.786261,36.066249
620104,甘肃省,兰州市,西固区,103.627966,36.08845
620105,甘肃省,兰州市,安宁区,103.718953,36.104493
620111,甘肃省,兰州市,红古区,102.859338,36.345768
620121,甘肃省,兰州市,永登县,103.260273,36.736457
620122,甘肃省,兰州市,皋兰县,103.947345,36.332434
620123,甘肃省,兰州市,榆中县,104.112541,35.843354
620200,甘肃省,嘉峪关市,嘉峪关市,98.2882,39.77325
620302,甘肃省,金昌市,金川区,102.1939,38.520373
620321,甘肃省,金昌市,永昌县,101.984642,38.243534
620402,甘肃省,白银市,白银区,104.14956,36.53469
620403,甘肃省,白银市,平川区,104.825275,36.728494
620421,甘肃省,白银市,靖远县,104.676202,36.571736
620422,甘肃省,白银市,会宁县,105.052883,35.693241
620423,甘肃省,白银市,景泰县,104.063125,37.18351
620502,甘肃省,天水市,秦州区,105.724914,34.581187
620503,甘肃省,天水市,麦积区,105.889452,34.571143
620521,甘肃省,天水市,清水县,106.137318,34.749906
620522,甘肃省,天水市,秦安县,105.675799,34.859094
620523,甘肃省,天水市,甘谷县,105.340789,34.745447
620524,甘肃省,天水市,武山县,104.89121,34.72183
620525,甘肃省,天水市,张家川回族自治县,106.20513,34.988676
620602,甘肃省,武威市,凉州区,102.641959,37.928217
620621,甘肃省,武威市,民勤县,103.093671,38.624293
620622,甘肃省,武威市,古浪县,102.897542,37.470882
620623,甘肃省,武威市,天祝藏族自治县,103.142416,36.971978
620702,甘肃省,张掖市,甘州区,100.415324,38.944315
620721,甘肃省,张掖市,肃南裕固族自治县,99.627762,38.839221
620722,甘肃省,张掖市,民乐县,100.812047,38.430318
620723,甘肃省,张掖市,临泽县,100.164333,39.15224
620724,甘肃省,张掖市,高台县,99.819265,39.378294
620725,甘肃省,张掖市,山丹县,101.088611,38.7846
620802,甘肃省,平凉市,崆峒区,106.67489,35.542437
620821,甘肃省,平凉市,泾川县,107.367608,35.332992
620822,甘肃省,平凉市,灵台县,107.595874,35.070027
620823,甘肃省,平凉市,崇信县,107.025762,35.305648
620825,甘肃省,平凉市,庄浪县,106.036201,35.20266
620826,甘肃省,平凉市,静宁县,105.732165,35.522035
620881,甘肃省,平凉市,华亭市,106.628899,35.207695
620902,甘肃省,酒泉市,肃州区,98.507834,39.74511
620921,甘肃省,酒泉市,金塔县,98.901523,39.984146
620922,甘肃省,酒泉市,瓜州县,95.782255,40.520457
620923,甘肃省,酒泉市,肃北蒙古族自治县,94.876533,39.512158
620924,甘肃省,酒泉市,阿克塞哈萨克族自治县,94.340202,39.633944
620981,甘肃省,酒泉市,玉门市,97.045617,40.292344
620982,甘肃省,酒泉市,敦煌市,94.66201,40.142141
621002,甘肃省,庆阳市,西峰区,107.650563,35.730318
621021,甘肃省,庆阳市,庆城县,107.881706,36.016125
621022,甘肃省,庆阳市,环县,107.308788,36.568566
621023,甘肃省,庆阳市,华池县,107.98972,36.461474
621024,甘肃省,庆阳市,合水县,108.021859,35.833908
621025,甘肃省,庆阳市,正宁县,108.359964,35.492158
621026,甘肃省,庆阳市,宁县,107.913463,35.509252
621027,甘肃省,庆阳市,镇原县,107.200888,35.677705
621102,甘肃省,定西市,安定区,104.610647,35.580918
621121,甘肃省,定西市,通渭县,105.242312,35.211311
621122,甘肃省,定西市,陇西县,104.634928,35.003899
621123,甘肃省,定西市,渭源县,104.215092,35.137028
621124,甘肃省,定西市,临洮县,103.859446,35.394993
621125,甘肃省,定西市,漳县,104.471722,34.84854
621126,甘肃省,定西市,岷县,104.036731,34.43833
621202,甘肃省,陇南市,武都区,104.921861,33.400685
621221,甘肃省,陇南市,成县,105.729569,33.740547
621222,甘肃省,陇南市,文县,104.6835,32.944031
621223,甘肃省,陇南市,宕昌县,104.393385,34.047261
621224,甘肃省,陇南市,康县,105.608609,33.329212
621225,甘肃省,陇南市,西和县,105.298756,34.014215
621226,甘肃省,陇南市,礼县,105.17864,34.189345
621227,甘肃省,陇南市,徽县,106.087156,33.769927
621228,甘肃省,陇南市,两当县,106.304973,33.908952
622901,甘肃省,临夏回族自治州,临夏市,103.24222,35.604682
622921,甘肃省,临夏回族自治州,临夏县,103.04068,35.478726
622922,甘肃省,临夏回族自治州,康乐县,103.708507,35.370296
622923,甘肃省,临夏回族自治州,永靖县,103.285853,35.958306
622924,甘肃省,临夏回族自治州,广河县,103.575582,35.488248
622925,甘肃省,临夏回族自治州,和政县,103.350996,35.424602
622926,甘肃省,临夏回族自治州,东乡族自治县,103.388122,35.664409
622927,甘肃省,临夏回族自治州,积石山保安族东乡族撒拉族自治县,102.875939,35.717697
623001,甘肃省,甘南藏族自治州,合作市,102.910305,35.000228
623021,甘肃省,甘南藏族自治州,临潭县,103.353665,34.693009
623022,甘肃省,甘南藏族自治州,卓尼县,103.506849,34.589476
623023,甘肃省,甘南藏族自治州,舟曲县,104.251543,33.793695
623024,甘肃省,甘南藏族自治州,迭部县,103.221735,34.055888
623025,甘肃省,甘南藏族自治州,玛曲县,102.072608,33.998145
623026,甘肃省,甘南藏族自治州,碌曲县,102.487512,34.591084
623027,甘肃省,甘南藏族自治州,夏河县,102.548303,35.203857
630102,青海省,西宁市,城东区,101.803717,36.599744
630103,青海省,西宁市,城中区,101.705357,36.545545
630104,青海省,西宁市,城西区,101.765915,36.628288
630105,青海省,西宁市,城北区,101.766308,36.650064
630106,青海省,西宁市,湟中区,101.571683,36.501291
630121,青海省,西宁市,大通回族土族自治县,101.685503,36.926872
630123,青海省,西宁市,湟源县,101.256464,36.682426
630202,青海省,海东市,乐都区,102.401614,36.482242
630203,青海省,海东市,平安区,102.108538,36.500166
630222,青海省,海东市,民和回族土族自治县,102.830775,36.320038
630223,青海省,海东市,互助土族自治县,101.958519,36.844027
630224,青海省,海东市,化隆回族自治县,102.031294,36.011257
630225,青海省,海东市,循化撒拉族自治县,102.488958,35.851079
632221,青海省,海北藏族自治州,门源回族自治县,101.611524,37.388567
632222,青海省,海北藏族自治州,祁连县,100.253211,38.177112
632223,青海省,海北藏族自治州,海晏县,100.994521,36.896667
632224,青海省,海北藏族自治州,刚察县,100.145662,37.325096
632301,青海省,黄南藏族自治州,同仁市,102.018663,35.515769
632322,青海省,黄南藏族自治州,尖扎县,102.040094,35.943253
632323,青海省,黄南藏族自治州,泽库县,101.466565,35.035322
632324,青海省,黄南藏族自治州,河南蒙古族自治县,101.617719,34.734777
632521,青海省,海南藏族自治州,共和县,100.619405,36.284158
632522,青海省,海南藏族自治州,同德县,100.577859,35.254297
632523,青海省,海南藏族自治州,贵德县,101.43403,36.039672
632524,青海省,海南藏族自治州,兴海县,99.987799,35.589086
632525,青海省,海南藏族自治州,贵南县,100.747731,35.587239
632621,青海省,果洛藏族自治州,玛沁县,100.238873,34.478049
632622,青海省,果洛藏族自治州,班玛县,100.737138,32.932723
632623,青海省,果洛藏族自治州,甘德县,99.900923,33.969216
632624,青海省,果洛藏族自治州,达日县,99.651863,33.739293
632625,青海省,果洛藏族自治州,久治县,101.482831,33.429471
632626,青海省,果洛藏族自治州,玛多县,98.209217,34.915645
632701,青海省,玉树藏族自治州,玉树市,97.009184,32.992934
632722,青海省,玉树藏族自治州,杂多县,95.300723,32.893185
632723,青海省,玉树藏族自治州,称多县,97.109487,33.377504
632724,青海省,玉树藏族自治州,治多县,95.618954,33.844854
632725,青海省,玉树藏族自治州,囊谦县,96.489538,32.203193
632726,青海省,玉树藏族自治州,曲麻莱县,95.805463,34.137353
632801,青海省,海西蒙古族藏族自治州,格尔木市,94.928293,36.407272
632802,青海省,海西蒙古族藏族自治州,德令哈市,97.361528,37.369865
632803,青海省,海西蒙古族藏族自治州,茫崖市,90.856372,38.247537
632821,青海省,海西蒙古族藏族自治州,乌兰县,98.47988,36.941279
632822,青海省,海西蒙古族藏族自治州,都兰县,98.095889,36.302098
632823,青海省,海西蒙古族藏族自治州,天峻县,99.02297,37.301206
632825,青海省,海西蒙古族藏族自治州,大柴旦行政委员会,95.357233,37.853631
640104,宁夏回族自治区,银川市,兴庆区,106.288452,38.473972
640105,宁夏回族自治区,银川市,西夏区,106.161208,38.502325
640106,宁夏回族自治区,银川市,金凤区,106.239339,38.474277
640121,宁夏回族自治区,银川市,永宁县,106.25337,38.277376
640122,宁夏回族自治区,银川市,贺兰县,106.365074,38.579147
640181,宁夏回族自治区,银川市,灵武市,106.339978,38.102456
640202,宁夏回族自治区,石嘴山市,大武口区,106.379323,39.018409
640205,宁夏回族自治区,石嘴山市,惠农区,106.781013,39.239292
640221,宁夏回族自治区,石嘴山市,平罗县,106.523411,38.913923
640302,宁夏回族自治区,吴忠市,利通区,106.235842,38.00298
640303,宁夏回族自治区,吴忠市,红寺堡区,106.06216,37.425494
640323,宁夏回族自治区,吴忠市,盐池县,107.407184,37.783276
640324,宁夏回族自治区,吴忠市,同心县,105.895412,36.954635
640381,宁夏回族自治区,吴忠市,青铜峡市,106.07906,38.021579
640402,宁夏回族自治区,固原市,原州区,106.28784,36.003777
640422,宁夏回族自治区,固原市,西吉县,105.729189,35.963885
640423,宁夏回族自治区,固原市,隆德县,106.111321,35.62592
640424,宁夏回族自治区,固原市,泾源县,106.330569,35.497887
640425,宁夏回族自治区,固原市,彭阳县,106.632151,35.860067
640502,宁夏回族自治区,中卫市,沙坡头区,105.173875,37.516859
640521,宁夏回族自治区,中卫市,中宁县,105.684729,37.492092
640522,宁夏回族自治区,中卫市,海原县,105.643449,36.565189
650102,新疆维吾尔自治区,乌鲁木齐市,天山区,87.631986,43.794312
650103,新疆维吾尔自治区,乌鲁木齐市,沙依巴克区,87.598043,43.800994
650104,新疆维吾尔自治区,乌鲁木齐市,新市区,87.592684,43.893023
650105,新疆维吾尔自治区,乌鲁木齐市,水磨沟区,87.64208,43.832714
650106,新疆维吾尔自治区,乌鲁木齐市,头屯河区,87.425823,43.876052
650107,新疆维吾尔自治区,乌鲁木齐市,达坂城区,88.311099,43.363668
650109,新疆维吾尔自治区,乌鲁木齐市,米东区,87.655122,43.97444
650121,新疆维吾尔自治区,乌鲁木齐市,乌鲁木齐县,87.464257,43.509016
650202,新疆维吾尔自治区,克拉玛依市,独山子区,84.886973,44.328096
650203,新疆维吾尔自治区,克拉玛依市,克拉玛依区,84.867862,45.602347
650204,新疆维吾尔自治区,克拉玛依市,白碱滩区,85.119047,45.685416
650205,新疆维吾尔自治区,克拉玛依市,乌尔禾区,85.687497,46.093451
650402,新疆维吾尔自治区,吐鲁番市,高昌区,89.185891,42.942728
650421,新疆维吾尔自治区,吐鲁番市,鄯善县,90.242843,42.900575
650422,新疆维吾尔自治区,吐鲁番市,托克逊县,88.643739,42.802585
650502,新疆维吾尔自治区,哈密市,伊州区,93.425934,42.835492
650521,新疆维吾尔自治区,哈密市,巴里坤哈萨克自治县,93.016563,43.598756
650522,新疆维吾尔自治区,哈密市,伊吾县,94.697074,43.254978
652301,新疆维吾尔自治区,昌吉回族自治州,昌吉市,87.267432,44.014468
652302,新疆维吾尔自治区,昌吉回族自治州,阜康市,87.953826,44.164525
652323,新疆维吾尔自治区,昌吉回族自治州,呼图壁县,86.871532,44.179362
652324,新疆维吾尔自治区,昌吉回族自治州,玛纳斯县,86.20488,44.284601
652325,新疆维吾尔自治区,昌吉回族自治州,奇台县,89.590929,44.021383
652327,新疆维吾尔自治区,昌吉回族自治州,吉木萨尔县,89.179698,44.000404
652328,新疆维吾尔自治区,昌吉回族自治州,木垒哈萨克自治县,90.286013,43.834631
652701,新疆维吾尔自治区,博尔塔拉蒙古自治州,博乐市,82.051433,44.853882
652702,新疆维吾尔自治区,博尔塔拉蒙古自治州,阿拉山口市,82.554609,45.173274
652722,新疆维吾尔自治区,博尔塔拉蒙古自治州,精河县,82.890709,44.599202
652723,新疆维吾尔自治区,博尔塔拉蒙古自治州,温泉县,81.024827,44.968857
652801,新疆维吾尔自治区,巴音郭楞蒙古自治州,库尔勒市,86.174633,41.725891
652822,新疆维吾尔自治区,巴音郭楞蒙古自治州,轮台县,84.251508,41.778043
652823,新疆维吾尔自治区,巴音郭楞蒙古自治州,尉犁县,86.261613,41.343871
652824,新疆维吾尔自治区,巴音郭楞蒙古自治州,若羌县,88.167226,39.022626
652825,新疆维吾尔自治区,巴音郭楞蒙古自治州,且末县,85.529619,38.145749
652826,新疆维吾尔自治区,巴音郭楞蒙古自治州,焉耆回族自治县,86.57434,42.059509
652827,新疆维吾尔自治区,巴音郭楞蒙古自治州,和静县,86.384065,42.323625
652828,新疆维吾尔自治区,巴音郭楞蒙古自治州,和硕县,86.877688,42.28361
652829,新疆维吾尔自治区,巴音郭楞蒙古自治州,博湖县,86.632116,41.980745
652901,新疆维吾尔自治区,阿克苏地区,阿克苏市,80.263387,41.16755
652902,新疆维吾尔自治区,阿克苏地区,库车市,82.998544,41.719073
652922,新疆维吾尔自治区,阿克苏地区,温宿县,80.231563,41.273561
652924,新疆维吾尔自治区,阿克苏地区,沙雅县,82.781774,41.221413
652925,新疆维吾尔自治区,阿克苏地区,新和县,82.620371,41.552097
652926,新疆维吾尔自治区,阿克苏地区,拜城县,81.851289,41.795289
652927,新疆维吾尔自治区,阿克苏地区,乌什县,79.22118,41.222706
652928,新疆维吾尔自治区,阿克苏地区,阿瓦提县,80.375053,40.643647
652929,新疆维吾尔自治区,阿克苏地区,柯坪县,79.054019,40.501645
653001,新疆维吾尔自治区,克孜勒苏柯尔克孜自治州,阿图什市,76.084541,39.667719
653022,新疆维吾尔自治区,克孜勒苏柯尔克孜自治州,阿克陶县,75.955053,39.147592
653023,新疆维吾尔自治区,克孜勒苏柯尔克孜自治州,阿合奇县,78.402073,40.937581
653024,新疆维吾尔自治区,克孜勒苏柯尔克孜自治州,乌恰县,75.259228,39.7205
653101,新疆维吾尔自治区,喀什地区,喀什市,75.993936,39.46823
653121,新疆维吾尔自治区,喀什地区,疏附县,75.862839,39.375052
653122,新疆维吾尔自治区,喀什地区,疏勒县,76.047169,39.401173
653123,新疆维吾尔自治区,喀什地区,英吉沙县,76.175729,38.930381
653124,新疆维吾尔自治区,喀什地区,泽普县,77.260375,38.184639
653125,新疆维吾尔自治区,喀什地区,莎车县,77.223197,38.390881
653126,新疆维吾尔自治区,喀什地区,叶城县,77.413669,37.882994
653127,新疆维吾尔自治区,喀什地区,麦盖提县,77.609099,38.898986
653128,新疆维吾尔自治区,喀什地区,岳普湖县,76.821269,39.219857
653129,新疆维吾尔自治区,喀什地区,伽师县,76.723719,39.488181
653130,新疆维吾尔自治区,喀什地区,巴楚县,78.54799,39.79923
653131,新疆维吾尔自治区,喀什地区,塔什库尔干塔吉克自治县,75.229889,37.772094
653201,新疆维吾尔自治区,和田地区,和田市,79.912881,37.112246
653221,新疆维吾尔自治区,和田地区,和田县,79.848009,37.248776
653222,新疆维吾尔自治区,和田地区,墨玉县,79.728434,37.277518
653223,新疆维吾尔自治区,和田地区,皮山县,78.28548,37.578264
653224,新疆维吾尔自治区,和田地区,洛浦县,80.179911,37.066226
653225,新疆维吾尔自治区,和田地区,策勒县,80.801433,36.99785
653226,新疆维吾尔自治区,和田地区,于田县,81.677417,36.85708
653227,新疆维吾尔自治区,和田地区,民丰县,82.695946,37.064428
654002,新疆维吾尔自治区,伊犁哈萨克自治州,伊宁市,81.277715,43.908021
654003,新疆维吾尔自治区,伊犁哈萨克自治州,奎屯市,84.903216,44.426452
654004,新疆维吾尔自治区,伊犁哈萨克自治州,霍尔果斯市,80.414614,44.218381
654021,新疆维吾尔自治区,伊犁哈萨克自治州,伊宁县,81.52745,43.977119
654022,新疆维吾尔自治区,伊犁哈萨克自治州,察布查尔锡伯自治县,81.151337,43.840726
654023,新疆维吾尔自治区,伊犁哈萨克自治州,霍城县,80.878845,44.056329
654024,新疆维吾尔自治区,伊犁哈萨克自治州,巩留县,82.231219,43.48313
654025,新疆维吾尔自治区,伊犁哈萨克自治州,新源县,83.233002,43.434803
654026,新疆维吾尔自治区,伊犁哈萨克自治州,昭苏县,81.130974,43.157293
654027,新疆维吾尔自治区,伊犁哈萨克自治州,特克斯县,81.835732,43.218435
654028,新疆维吾尔自治区,伊犁哈萨克自治州,尼勒克县,82.511884,43.798627
654201,新疆维吾尔自治区,塔城地区,塔城市,82.986923,46.751669
654202,新疆维吾尔自治区,塔城地区,乌苏市,84.713762,44.418693
654203,新疆维吾尔自治区,塔城地区,沙湾市,85.619483,44.326267
654221,新疆维吾尔自治区,塔城地区,额敏县,83.628303,46.524673
654224,新疆维吾尔自治区,塔城地区,托里县,83.606372,45.948935
654225,新疆维吾尔自治区,塔城地区,裕民县,82.982252,46.201049
654226,新疆维吾尔自治区,塔城地区,和布克赛尔蒙古自治县,85.728328,46.793235
654301,新疆维吾尔自治区,阿勒泰地区,阿勒泰市,88.131842,47.827308
654321,新疆维吾尔自治区,阿勒泰地区,布尔津县,86.875043,47.701892
654322,新疆维吾尔自治区,阿勒泰地区,富蕴县,89.525463,46.994046
654323,新疆维吾尔自治区,阿勒泰地区,福海县,87.486703,47.111918
654324,新疆维吾尔自治区,阿勒泰地区,哈巴河县,86.418621,48.060846
654325,新疆维吾尔自治区,阿勒泰地区,青河县,90.375159,46.678532
654326,新疆维吾尔自治区,阿勒泰地区,吉木乃县,85.874096,47.443101
659001000,新疆维吾尔自治区,石河子市,石河子市,86.080397,44.305368
659002000,新疆维吾尔自治区,阿拉尔市,阿拉尔市,81.280532,40.547205
659003000,新疆维吾尔自治区,图木舒克市,图木舒克市,79.074965,39.867776
659004000,新疆维吾尔自治区,五家渠市,五家渠市,87.542852,44.166489
659005000,新疆维吾尔自治区,北屯市,北屯市,87.834419,47.326733
659006000,新疆维吾尔自治区,铁门关市,铁门关市,85.670291,41.862997
659007000,新疆维吾尔自治区,双河市,双河市,82.353656,44.840524
659008000,新疆维吾尔自治区,可克达拉市,可克达拉市,80.994153,43.940381
659009000,新疆维吾尔自治区,昆玉市,昆玉市,79.270193,37.215372
659010000,新疆维吾尔自治区,胡杨河市,胡杨河市,84.827592,44.692894
659011000,新疆维吾尔自治区,新星市,新星市,93.74831,42.797043
659012000,新疆维吾尔自治区,白杨市,白杨市,82.896936,46.727959
810000,香港特别行政区,香港特别行政区,香港特别行政区,114.170714,22.278354
820000,澳门特别行政区,澳门特别行政区,澳门特别行政区,113.543076,22.186927
